Recipient,Party,Chamber,Coal Ratio,Hydro Ratio,Nuclear Ratio,Oil Ratio,Solar Ratio,Wind Ratio
"Portman, Rob",0,0,0.11214953271028037,0.18691588785046728,0.21440351841671249,0.434304562946674,0.0,0.05222649807586586
"Blunt, Roy",0,0,0.176056338028169,0.15023474178403756,0.20657276995305165,0.4225352112676056,0.0,0.04460093896713615
"Angle, Sharron",0,0,0.45454545454545453,0.0,0.0,0.5454545454545454,0.0,0.0
"Fiorina, Carly",0,0,0.15384615384615385,0.0,0.0,0.8461538461538461,0.0,0.0
"Buck, Ken",0,0,0.2803738317757009,0.0,0.0,0.719626168224299,0.0,0.0
"Mongiardo, Daniel",0,0,1.0,0.0,0.0,0.0,0.0,0.0
"Rubio, Marco",0,0,0.07407407407407407,0.02962962962962963,0.02962962962962963,0.8518518518518519,0.0,0.014814814814814815
"Toomey, Pat",0,0,0.15217391304347827,0.13043478260869565,0.13768115942028986,0.5652173913043478,0.0,0.014492753623188406
"Kirk, Mark",0,0,0.24444444444444444,0.011111111111111112,0.011111111111111112,0.65,0.0,0.08333333333333333
"Burr, Richard",0,0,0.09316770186335403,0.15217391304347827,0.15838509316770186,0.5093167701863354,0.006211180124223602,0.08074534161490683
"Rossi, Dino",0,0,0.13636363636363635,0.0,0.0,0.8636363636363636,0.0,0.0
"Templeman, Mike",0,0,1.0,0.0,0.0,0.0,0.0,0.0
"Johnson, Ron",0,0,0.0425531914893617,0.0851063829787234,0.0425531914893617,0.7872340425531915,0.0,0.0425531914893617
"McKinley, David",0,0,0.813953488372093,0.0,0.0,0.18604651162790697,0.0,0.0
"Bayh, Evan",0,0,0.14788732394366197,0.2112676056338028,0.29577464788732394,0.2887323943661972,0.0,0.056338028169014086
"Young, Todd",0,0,0.4444444444444444,0.0,0.0,0.5555555555555556,0.0,0.0
"Sullivan, John",0,0,0.026936026936026935,0.026936026936026935,0.15488215488215487,0.7777777777777778,0.0,0.013468013468013467
"Burns, Timothy R",0,0,0.24489795918367346,0.04081632653061224,0.04081632653061224,0.673469387755102,0.0,0.0
"Gibbs, Bob",0,0,0.3448275862068966,0.034482758620689655,0.034482758620689655,0.5517241379310345,0.0,0.034482758620689655
"Boren, Dan",0,0,0.056455828541557763,0.03659174072138003,0.04704652378463147,0.8599059069524307,0.0,0.0
"Whitfield, Ed",0,0,0.17164179104477612,0.22388059701492538,0.26865671641791045,0.23880597014925373,0.0,0.09701492537313433
"Rogers, Hal",0,0,0.4166666666666667,0.1,0.16666666666666666,0.18333333333333332,0.0,0.13333333333333333
"Manchin, Joe",0,0,0.17486338797814208,0.2677595628415301,0.34972677595628415,0.16939890710382513,0.0,0.03825136612021858
"Davis, Geoff",0,0,0.14678899082568808,0.11009174311926606,0.11009174311926606,0.46788990825688076,0.0,0.1651376146788991
"Hurt, Robert",0,0,0.21052631578947367,0.05263157894736842,0.15789473684210525,0.5263157894736842,0.0,0.05263157894736842
"Chabot, Steve",0,0,0.03755868544600939,0.20657276995305165,0.20657276995305165,0.5023474178403756,0.0,0.046948356807511735
"Altmire, Jason",0,0,0.25287356321839083,0.28735632183908044,0.3563218390804598,0.0,0.0,0.10344827586206896
"Specter, Arlen",0,0,0.17218543046357615,0.17218543046357615,0.17218543046357615,0.44370860927152317,0.0,0.039735099337748346
"Bunning, Jim",0,0,0.12,0.2,0.38,0.18,0.0,0.12
"Costello, Jerry F",0,0,0.2261904761904762,0.2619047619047619,0.36904761904761907,0.047619047619047616,0.0,0.09523809523809523
"Harris, Andy",0,0,0.16666666666666666,0.0,0.0,0.8333333333333334,0.0,0.0
"Maynard, Elliott",0,0,1.0,0.0,0.0,0.0,0.0,0.0
"Donnelly, Joe",0,0,0.36363636363636365,0.18181818181818182,0.18181818181818182,0.0,0.0,0.2727272727272727
"Griffith, Morgan",0,0,0.3333333333333333,0.0,0.0,0.6190476190476191,0.0,0.047619047619047616
"Coats, Dan",0,0,0.07766990291262135,0.11165048543689321,0.13106796116504854,0.6310679611650486,0.0,0.04854368932038835
"Cantor, Eric",0,0,0.09160445197636605,0.1221392693018214,0.22517901036657048,0.4465717033847845,0.0,0.11450556497045757
"Dorgan, Byron L",0,0,0.06533670180329297,0.3094346197403955,0.4038098556784854,0.14882248744083398,0.0,0.07259633533699218
"Ross, Mike",0,0,0.05485232067510549,0.18143459915611815,0.28270042194092826,0.45569620253164556,0.0,0.02531645569620253
"Boozman, John",0,0,0.24,0.08,0.24,0.44,0.0,0.0
"Thompson, Glenn",0,0,0.12396694214876033,0.19696969696969696,0.19696969696969696,0.42699724517906334,0.0,0.05509641873278237
"Ayotte, Kelly",0,0,0.10596026490066225,0.13245033112582782,0.06622516556291391,0.6688741721854304,0.0,0.026490066225165563
"Lincoln, Blanche",0,0,0.03605740338619082,0.2023220967780707,0.26683279781412006,0.4587302986354276,0.0,0.03605740338619082
"Guthrie, Brett",0,0,0.24528301886792453,0.11320754716981132,0.11320754716981132,0.3018867924528302,0.0,0.22641509433962265
"Bartlett, Roscoe G",0,0,0.3333333333333333,0.0,0.0,0.0,0.0,0.6666666666666666
"McCaskill, Claire",0,0,0.29974758098443416,0.26293647454774927,0.41102229701304166,0.0,0.0,0.026293647454774926
"Capito, Shelley Moore",0,0,0.45614035087719296,0.0,0.10526315789473684,0.3684210526315789,0.0,0.07017543859649122
"Lummis, Cynthia",0,0,0.25874125874125875,0.055944055944055944,0.06993006993006994,0.5874125874125874,0.0,0.027972027972027972
"Shimkus, John",0,0,0.13215859030837004,0.22026431718061673,0.2290748898678414,0.31718061674008813,0.0,0.1013215859030837
"Salazar, John",0,0,0.13793103448275862,0.20689655172413793,0.22413793103448276,0.43103448275862066,0.0,0.0
"Paul, Rand",0,0,0.225,0.05,0.05,0.625,0.0,0.05
"Rehberg, Denny",0,0,0.1357142857142857,0.34285714285714286,0.34285714285714286,0.15,0.0,0.02857142857142857
"Emerson, Jo Ann",0,0,0.2,0.2857142857142857,0.37142857142857144,0.05714285714285714,0.0,0.08571428571428572
"Matheson, Jim",0,0,0.06647673314339982,0.18043684710351376,0.21415004748338082,0.48670465337132,0.0,0.052231718898385564
"Barr, Andy",0,0,0.3333333333333333,0.0,0.0,0.6666666666666666,0.0,0.0
"Lee, Mike",0,0,0.2222222222222222,0.0,0.0,0.7555555555555555,0.0,0.022222222222222223
"Thune, John",0,0,0.09565217391304348,0.15217391304347827,0.14347826086956522,0.5260869565217391,0.0,0.08260869565217391
"Rockefeller, Jay",0,0,0.29411764705882354,0.29411764705882354,0.35294117647058826,0.058823529411764705,0.0,0.0
"Boucher, Rick",0,0,0.06524419326679926,0.35321856354784426,0.46454765525868197,0.06749399303461992,0.0,0.04949559489205461
"Camp, Dave",0,0,0.06072972841665452,0.23886216780838557,0.22671622212505466,0.3522324248165962,0.0,0.12145945683330904
"Oliverio, Mike",0,0,0.32666666666666666,0.0,0.20666666666666667,0.4666666666666667,0.0,0.0
"Wilson, Charlie",0,0,0.23809523809523808,0.23809523809523808,0.47619047619047616,0.0,0.0,0.047619047619047616
"Hoeven, John",0,0,0.21875,0.09765625,0.09765625,0.55078125,0.0,0.03515625
"Isakson, Johnny",0,0,0.06930693069306931,0.12376237623762376,0.13366336633663367,0.5198019801980198,0.0,0.15346534653465346
"Hastings, Doc",0,0,0.11504424778761062,0.05309734513274336,0.07079646017699115,0.7256637168141593,0.0,0.035398230088495575
"Murkowski, Lisa",0,0,0.04439746300211417,0.2135306553911205,0.26849894291754756,0.4312896405919662,0.004228329809725159,0.03805496828752643
"Gardner, Cory",0,0,0.12213740458015267,0.07633587786259542,0.07633587786259542,0.7251908396946565,0.0,0.0
"Grayson, Trey",0,0,0.08695652173913043,0.1956521739130435,0.1956521739130435,0.5217391304347826,0.0,0.0
"Norton, Jane",0,0,0.31666666666666665,0.0,0.0,0.6833333333333333,0.0,0.0
"Crapo, Mike",0,0,0.029166666666666667,0.19583333333333333,0.19583333333333333,0.49583333333333335,0.0,0.08333333333333333
"Bennett, Robert F",0,0,0.03862660944206009,0.2017167381974249,0.2317596566523605,0.48497854077253216,0.0,0.04291845493562232
"Shelby, Richard C",0,0,0.051094890510948905,0.17518248175182483,0.21897810218978103,0.44525547445255476,0.0,0.10948905109489052
"Barrasso, John A",0,0,0.06976744186046512,0.4069767441860465,0.4069767441860465,0.046511627906976744,0.0,0.06976744186046512
"Webb, Jim",0,0,0.2711864406779661,0.23728813559322035,0.4915254237288136,0.0,0.0,0.0
"Upton, Fred",0,0,0.05865102639296188,0.25513196480938416,0.3284457478005865,0.3284457478005865,0.0,0.02932551319648094
"Bishop, Rob",0,0,0.1935483870967742,0.0,0.0,0.8064516129032258,0.0,0.0
"Luetkemeyer, Blaine",0,0,0.10344827586206896,0.3448275862068966,0.4482758620689655,0.10344827586206896,0.0,0.0
"Miller, Joe",0,0,0.8888888888888888,0.0,0.0,0.1111111111111111,0.0,0.0
"Hartzler, Vicky",0,0,0.24,0.08,0.28,0.4,0.0,0.0
"Pearce, Steve",0,0,0.06751054852320675,0.03375527426160337,0.03375527426160337,0.8649789029535865,0.0,0.0
"Hultgren, Randy",0,0,0.2,0.0,0.0,0.7333333333333333,0.0,0.06666666666666667
"Blackburn, Marsha",0,0,0.05825242718446602,0.04854368932038835,0.04854368932038835,0.7087378640776699,0.0,0.13592233009708737
"Frazier, Ryan",0,0,0.24175824175824176,0.0,0.0,0.7582417582417582,0.0,0.0
"Chaffetz, Jason",0,0,0.16129032258064516,0.0,0.0,0.7741935483870968,0.0,0.06451612903225806
"Baucus, Max",0,0,0.047619047619047616,0.4013605442176871,0.4489795918367347,0.034013605442176874,0.013605442176870748,0.05442176870748299
"Grassley, Chuck",0,0,0.016194331983805668,0.19838056680161945,0.2145748987854251,0.47368421052631576,0.008097165991902834,0.08906882591093117
"Barton, Joe",0,0,0.045454545454545456,0.2398989898989899,0.3383838383838384,0.35353535353535354,0.0,0.022727272727272728
"Lamborn, Douglas L",0,0,0.12307692307692308,0.03076923076923077,0.03076923076923077,0.8153846153846154,0.0,0.0
"Moran, Jerry",0,0,0.03636363636363636,0.01818181818181818,0.18181818181818182,0.7272727272727273,0.0,0.03636363636363636
"Enzi, Mike",0,0,0.6666666666666666,0.0,0.0,0.0,0.0,0.3333333333333333
"Schilling, Bobby",0,0,0.16666666666666666,0.0,0.0,0.8333333333333334,0.0,0.0
"Kinzinger, Adam",0,0,0.1111111111111111,0.1111111111111111,0.1111111111111111,0.6111111111111112,0.0,0.05555555555555555
"Nelson, Ben",0,0,0.04040404040404041,0.32323232323232326,0.40404040404040403,0.1919191919191919,0.0,0.04040404040404041
"DeMint, Jim",0,0,0.15,0.05,0.0625,0.6875,0.0,0.05
"Herseth Sandlin, Stephanie",0,0,0.2,0.25,0.31666666666666665,0.23333333333333334,0.0,0.0
"Smith, Adrian",0,0,0.26666666666666666,0.0,0.0,0.7333333333333333,0.0,0.0
"Stivers, Steve",0,0,0.08547008547008547,0.18803418803418803,0.2905982905982906,0.4188034188034188,0.0,0.017094017094017096
"Holden, Tim",0,0,0.1016949152542373,0.4067796610169492,0.4067796610169492,0.0847457627118644,0.0,0.0
"Stabenow, Debbie",0,0,0.05555555555555555,0.4583333333333333,0.4027777777777778,0.027777777777777776,0.0,0.05555555555555555
"Graves, Sam",0,0,0.05714285714285714,0.2571428571428571,0.38571428571428573,0.24285714285714285,0.0,0.05714285714285714
"Heller, Dean",0,0,0.09523809523809523,0.09523809523809523,0.09523809523809523,0.3333333333333333,0.0,0.38095238095238093
"Long, Billy",0,0,0.5,0.0,0.0,0.5,0.0,0.0
"Rahall, Nick",0,0,0.25925925925925924,0.1111111111111111,0.4074074074074074,0.09259259259259259,0.0,0.12962962962962962
"Boehner, John",0,0,0.04522613065326633,0.23115577889447236,0.32663316582914576,0.32160804020100503,0.0,0.07537688442211055
"Manzullo, Don",0,0,0.2222222222222222,0.0,0.0,0.2222222222222222,0.0,0.5555555555555556
"Hatch, Orrin G",0,0,0.06896551724137931,0.0,0.0,0.20689655172413793,0.0,0.7241379310344828
"Melancon, Charles",0,0,0.03636363636363636,0.26666666666666666,0.3151515151515151,0.38181818181818183,0.0,0.0
"Peters, Gary",0,0,0.07407407407407407,0.37037037037037035,0.37037037037037035,0.0,0.0,0.18518518518518517
"Bucshon, Larry",0,0,0.10526315789473684,0.10526315789473684,0.10526315789473684,0.6842105263157895,0.0,0.0
"Peterson, Collin",0,0,0.03773584905660377,0.27358490566037735,0.330188679245283,0.3584905660377358,0.0,0.0
"Lungren, Dan",0,0,0.022727272727272728,0.022727272727272728,0.022727272727272728,0.7045454545454546,0.0,0.22727272727272727
"Coffman, Mike",0,0,0.041666666666666664,0.125,0.125,0.7083333333333334,0.0,0.0
"Mollohan, Alan B",0,0,0.08955223880597014,0.208955223880597,0.4626865671641791,0.14925373134328357,0.0,0.08955223880597014
"Hensarling, Jeb",0,0,0.02857142857142857,0.05714285714285714,0.34285714285714286,0.5428571428571428,0.0,0.02857142857142857
"Fleming, John",0,0,0.03861003861003861,0.07722007722007722,0.2084942084942085,0.637065637065637,0.0,0.03861003861003861
"Nye, Glenn",0,0,0.08,0.28,0.28,0.08,0.0,0.28
"Vitter, David",0,0,0.046875,0.1015625,0.13671875,0.65234375,0.0,0.0625
"Akin, Todd",0,0,0.047619047619047616,0.30952380952380953,0.35714285714285715,0.047619047619047616,0.0,0.23809523809523808
"Murphy, Tim",0,0,0.0825593395252838,0.17027863777089783,0.21155830753353974,0.45304437564499483,0.0,0.0825593395252838
"Rodgers, Cathy McMorris",0,0,0.21428571428571427,0.0,0.0,0.7857142857142857,0.0,0.0
"McCaul, Michael",0,0,0.0273972602739726,0.0,0.1095890410958904,0.8082191780821918,0.0,0.0547945205479452
"Boustany, Charles Jr",0,0,0.021052631578947368,0.042105263157894736,0.06315789473684211,0.7684210526315789,0.0,0.10526315789473684
"Schock, Aaron",0,0,0.041666666666666664,0.375,0.375,0.125,0.0,0.08333333333333333
"Stutzman, Marlin",0,0,0.08695652173913043,0.17391304347826086,0.34782608695652173,0.391304347826087,0.0,0.0
"Bingaman, Jeff",0,0,0.10810810810810811,0.24324324324324326,0.3333333333333333,0.26126126126126126,0.018018018018018018,0.036036036036036036
"Lewis, Jerry",0,0,0.08333333333333333,0.0,0.0,0.25,0.0,0.6666666666666666
"Nunes, Devin",0,0,0.024390243902439025,0.07317073170731707,0.07317073170731707,0.7439024390243902,0.0,0.08536585365853659
"Sessions, Pete",0,0,0.012165450121654502,0.0851581508515815,0.2396593673965937,0.5900243309002433,0.0,0.072992700729927
"Simpson, Mike",0,0,0.03389830508474576,0.1694915254237288,0.1694915254237288,0.559322033898305,0.0,0.06779661016949153
"Miller, Candice S",0,0,0.047619047619047616,0.47619047619047616,0.47619047619047616,0.0,0.0,0.0
"Benishek, Dan",0,0,0.02857142857142857,0.24285714285714285,0.24285714285714285,0.4857142857142857,0.0,0.0
"Dingell, John D",0,0,0.006756756756756757,0.3885135135135135,0.47297297297297297,0.07094594594594594,0.0,0.060810810810810814
"Duncan, John J Jr",0,0,0.125,0.0,0.0,0.5,0.0,0.375
"Biggert, Judy",0,0,0.1111111111111111,0.1111111111111111,0.1111111111111111,0.2222222222222222,0.0,0.4444444444444444
"Calvert, Ken",0,0,0.07142857142857142,0.0,0.07142857142857142,0.7142857142857143,0.0,0.14285714285714285
"Pombo, Richard W",0,0,0.5862068965517241,0.0,0.0,0.41379310344827586,0.0,0.0
"Young, Don",0,0,0.045454545454545456,0.0,0.0,0.9545454545454546,0.0,0.0
"Gordon, Bart",0,0,0.030303030303030304,0.3787878787878788,0.4696969696969697,0.06060606060606061,0.0,0.06060606060606061
"Tanner, John",0,0,0.16666666666666666,0.16666666666666666,0.16666666666666666,0.0,0.0,0.5
"Davis, Artur",0,0,1.0,0.0,0.0,0.0,0.0,0.0
"Begich, Mark",0,0,0.05,0.075,0.075,0.775,0.0,0.025
"Fleischmann, Chuck",0,0,1.0,0.0,0.0,0.0,0.0,0.0
"Fincher, Steve",0,0,0.043478260869565216,0.043478260869565216,0.043478260869565216,0.8695652173913043,0.0,0.0
"Tester, Jon",0,0,0.08333333333333333,0.4166666666666667,0.4166666666666667,0.0,0.0,0.08333333333333333
"Murtha, John P",0,0,0.17582417582417584,0.0,0.0,0.0,0.0,0.8241758241758241
"Critz, Mark",0,0,0.5555555555555556,0.0,0.0,0.1111111111111111,0.0,0.3333333333333333
"Meehan, Patrick",0,0,0.07017543859649122,0.15789473684210525,0.15789473684210525,0.6140350877192983,0.0,0.0
"Durbin, Dick",0,0,0.4444444444444444,0.2222222222222222,0.2222222222222222,0.0,0.0,0.1111111111111111
"Doyle, Mike",0,0,0.030303030303030304,0.45454545454545453,0.494949494949495,0.0,0.0,0.020202020202020204
"Casey, Bob",0,0,0.037037037037037035,0.46296296296296297,0.46296296296296297,0.0,0.0,0.037037037037037035
"Dahlkemper, Kathy",0,0,0.05970149253731343,0.3283582089552239,0.3283582089552239,0.05970149253731343,0.0,0.22388059701492538
"Shuster, Bill",0,0,0.028169014084507043,0.3380281690140845,0.36619718309859156,0.23943661971830985,0.0,0.028169014084507043
"Renacci, Jim",0,0,0.35714285714285715,0.03571428571428571,0.03571428571428571,0.5714285714285714,0.0,0.0
"Brown, Scott",0,0,0.2222222222222222,0.1111111111111111,0.08888888888888889,0.3111111111111111,0.0,0.26666666666666666
"Schmidt, Jean",0,0,0.17391304347826086,0.21739130434782608,0.21739130434782608,0.043478260869565216,0.0,0.34782608695652173
"Foxx, Virginia",0,0,0.3076923076923077,0.3076923076923077,0.3076923076923077,0.07692307692307693,0.0,0.0
"Talent, James M",0,0,1.0,0.0,0.0,0.0,0.0,0.0
"Griffin, Tim",0,0,0.07741935483870968,0.1032258064516129,0.1032258064516129,0.7161290322580646,0.0,0.0
"Berg, Rick",0,0,0.30612244897959184,0.08163265306122448,0.08163265306122448,0.5306122448979592,0.0,0.0
"Nunnelee, Alan",0,0,0.21739130434782608,0.32608695652173914,0.32608695652173914,0.13043478260869565,0.0,0.0
"Ellsworth, Brad",0,0,0.10256410256410256,0.3333333333333333,0.38461538461538464,0.0,0.0,0.1794871794871795
"Carnahan, Robin",0,0,0.7777777777777778,0.0,0.0,0.0,0.1111111111111111,0.1111111111111111
"Stearns, Cliff",0,0,0.2571428571428571,0.11428571428571428,0.11428571428571428,0.2857142857142857,0.0,0.22857142857142856
"Skelton, Ike",0,0,0.125,0.2875,0.3125,0.025,0.0,0.25
"Minnick, Walt",0,0,0.14285714285714285,0.35714285714285715,0.35714285714285715,0.07142857142857142,0.0,0.07142857142857142
"Pomeroy, Earl",0,0,0.0431832202344232,0.2720542874768661,0.2899444787168415,0.2590993214065392,0.0,0.13571869216533003
"Hoyer, Steny H",0,0,0.01440922190201729,0.38328530259365995,0.46397694524495675,0.05763688760806916,0.0,0.08069164265129683
"Reid, Harry",0,0,0.06451612903225806,0.0,0.11290322580645161,0.4032258064516129,0.06451612903225806,0.3548387096774194
"Meek, Kendrick B",0,0,0.11764705882352941,0.4411764705882353,0.4411764705882353,0.0,0.0,0.0
"Brown, Sherrod",0,0,0.043859649122807015,0.32456140350877194,0.543859649122807,0.0,0.0,0.08771929824561403
"Clay, William L Jr",0,0,0.0,0.5,0.5,0.0,0.0,0.0
"Halvorson, Deborah",0,0,0.0,0.3492063492063492,0.4126984126984127,0.0,0.03968253968253968,0.1984126984126984
"Hare, Phil",0,0,0.0,0.5,0.5,0.0,0.0,0.0
"Carnahan, Russ",0,0,0.0,0.46153846153846156,0.46153846153846156,0.0,0.0,0.07692307692307693
"Davis, Danny K",0,0,0.0,0.4166666666666667,0.4166666666666667,0.0,0.0,0.16666666666666666
"Johnson, Timothy",0,0,0.0,0.5,0.5,0.0,0.0,0.0
"Clyburn, James E",0,0,0.0,0.35088211764375643,0.4877121082401156,0.05614113882300102,0.0,0.10526463529312692
"Butterfield, G K",0,0,0.0,0.4,0.5529411764705883,0.0,0.0,0.047058823529411764
"Roskam, Peter",0,0,0.0,0.12903225806451613,0.1935483870967742,0.45161290322580644,0.0,0.22580645161290322
"McConnell, Mitch",0,0,0.0,0.3888888888888889,0.3888888888888889,0.16666666666666666,0.0,0.05555555555555555
"Barrow, John",0,0,0.0,0.26993865030674846,0.3006134969325153,0.3803680981595092,0.0,0.049079754601226995
"Bond, Christopher ""Kit""",0,0,0.0,0.5,0.5,0.0,0.0,0.0
"Green, Gene",0,0,0.0,0.15781487101669195,0.3566009104704097,0.44309559939301973,0.0,0.042488619119878605
"Frelinghuysen, Rodney",0,0,0.0,0.2903225806451613,0.3548387096774194,0.03225806451612903,0.0,0.3225806451612903
"Rush, Bobby L",0,0,0.0,0.3225806451612903,0.45161290322580644,0.0,0.0,0.22580645161290322
"Conrad, Kent",0,0,0.0,0.48,0.48,0.04,0.0,0.0
"Inouye, Daniel K",0,0,0.0,0.13846153846153847,0.36923076923076925,0.12307692307692308,0.0,0.36923076923076925
"Levin, Sander",0,0,0.0,0.33707865168539325,0.31835205992509363,0.1760299625468165,0.0,0.16853932584269662
"Graham, Lindsey",0,0,0.0,0.4126984126984127,0.5238095238095238,0.0,0.0,0.06349206349206349
"Rangel, Charles B",0,0,0.0,0.225,0.325,0.1,0.0,0.35
"Thompson, Bennie G",0,0,0.0,0.366412213740458,0.4198473282442748,0.10687022900763359,0.0,0.10687022900763359
"Hill, Baron",0,0,0.0,0.26373626373626374,0.5054945054945055,0.0989010989010989,0.0,0.13186813186813187
"Landrieu, Mary L",0,0,0.0,0.3055555555555556,0.3611111111111111,0.25,0.0,0.08333333333333333
"Neal, Richard E",0,0,0.0,0.40336134453781514,0.3949579831932773,0.03361344537815126,0.0,0.16806722689075632
"Lucas, Frank D",0,0,0.0,0.03508771929824561,0.03508771929824561,0.8596491228070176,0.0,0.07017543859649122
"Pryor, Mark",0,0,0.0,0.4166666666666667,0.4166666666666667,0.08333333333333333,0.0,0.08333333333333333
"Shuler, Heath",0,0,0.0,0.3695652173913043,0.3695652173913043,0.0,0.0,0.2608695652173913
"Bean, Melissa",0,0,0.0,0.24074074074074073,0.24074074074074073,0.0,0.0,0.5185185185185185
"Warner, Mark",0,0,0.0,0.4,0.6,0.0,0.0,0.0
"Arcuri, Mike",0,0,0.0,0.10526315789473684,0.10526315789473684,0.0,0.0,0.7894736842105263
"Space, Zack",0,0,0.0,0.39375,0.54375,0.0,0.0,0.0625
"Murphy, Scott",0,0,0.0,0.24561403508771928,0.3157894736842105,0.21052631578947367,0.0,0.22807017543859648
"Meeks, Gregory W",0,0,0.0,0.12,0.4,0.08,0.0,0.4
"Schauer, Mark",0,0,0.0,0.4166666666666667,0.4166666666666667,0.0,0.0,0.16666666666666666
"Allen, Jason",0,0,0.0,0.5,0.5,0.0,0.0,0.0
"Stupak, Bart",0,0,0.0,0.40625,0.46875,0.0,0.0,0.125
"Kilpatrick, Carolyn Cheeks",0,0,0.0,0.35,0.35,0.0,0.0,0.3
"Huizenga, Bill",0,0,0.0,0.42857142857142855,0.42857142857142855,0.14285714285714285,0.0,0.0
"Rogers, Mike",0,0,0.0,0.21818181818181817,0.32727272727272727,0.32727272727272727,0.0,0.12727272727272726
"Obey, David R",0,0,0.0,0.43185689948892675,0.46592844974446335,0.0,0.0,0.10221465076660988
"McCain, John",0,0,0.0,0.3333333333333333,0.35648148148148145,0.2175925925925926,0.0,0.09259259259259259
"Bennet, Michael",0,0,0.0,0.22962962962962963,0.34074074074074073,0.23703703703703705,0.044444444444444446,0.14814814814814814
"McCotter, Thaddeus G",0,0,0.0,0.32142857142857145,0.32142857142857145,0.21428571428571427,0.0,0.14285714285714285
"Pastor, Ed",0,0,0.0,0.39622641509433965,0.5660377358490566,0.03773584905660377,0.0,0.0
"Udall, Mark",0,0,0.0,0.4032258064516129,0.43548387096774194,0.0967741935483871,0.0,0.06451612903225806
"Spratt, John M Jr",0,0,0.0,0.35294117647058826,0.40336134453781514,0.04201680672268908,0.0,0.20168067226890757
"Conyers, John Jr",0,0,0.0,0.27586206896551724,0.27586206896551724,0.0,0.0,0.4482758620689655
"Kildee, Dale E",0,0,0.0,0.5,0.5,0.0,0.0,0.0
"Visclosky, Pete",0,0,0.0,0.3894736842105263,0.5157894736842106,0.021052631578947368,0.0,0.07368421052631578
"Amash, Justin",0,0,0.0,0.4090909090909091,0.4090909090909091,0.09090909090909091,0.0,0.09090909090909091
"Markey, Ed",0,0,0.0,0.30275229357798167,0.46788990825688076,0.09174311926605505,0.0,0.13761467889908258
"Walberg, Tim",0,0,0.0,0.10416666666666667,0.10416666666666667,0.7916666666666666,0.0,0.0
"McDowell, Gary J",0,0,0.0,0.5,0.5,0.0,0.0,0.0
"Ryan, Paul",0,0,0.0,0.2777777777777778,0.25925925925925924,0.35185185185185186,0.0,0.1111111111111111
"Dent, Charlie",0,0,0.0,0.23333333333333334,0.23333333333333334,0.43333333333333335,0.0,0.1
"Murphy, Christopher S",0,0,0.0,0.45555555555555555,0.2777777777777778,0.0,0.0,0.26666666666666666
"Teague, Harry",0,0,0.0,0.1523809523809524,0.42857142857142855,0.38095238095238093,0.0,0.0380952380952381
"Kratovil, Frank",0,0,0.0,0.40476190476190477,0.4523809523809524,0.0,0.0,0.14285714285714285
"Crowley, Joseph",0,0,0.0,0.375,0.3977272727272727,0.045454545454545456,0.0,0.18181818181818182
"Ehlers, Vernon J",0,0,0.0,0.3333333333333333,0.3333333333333333,0.0,0.0,0.3333333333333333
"Mikulski, Barbara A",0,0,0.0,0.125,0.125,0.0,0.0,0.75
"Becerra, Xavier",0,0,0.0,0.2222222222222222,0.2222222222222222,0.0,0.0,0.5555555555555556
"Larsen, Rick",0,0,0.0,0.06060606060606061,0.06060606060606061,0.42424242424242425,0.0,0.45454545454545453
"Klobuchar, Amy",0,0,0.0,0.4,0.52,0.0,0.0,0.08
"Quayle, Ben",0,0,0.0,0.11428571428571428,0.1523809523809524,0.6571428571428571,0.0,0.0761904761904762
"Bass, Charles",0,0,0.0,0.4423076923076923,0.17307692307692307,0.38461538461538464,0.0,0.0
"Edwards, Chet",0,0,0.0,0.15602836879432624,0.3333333333333333,0.4397163120567376,0.0,0.07092198581560284
"Van Hollen, Chris",0,0,0.0,0.2857142857142857,0.2857142857142857,0.0,0.0,0.42857142857142855
"Murray, Patty",0,0,0.0,0.275,0.275,0.05,0.0,0.4
"Scalise, Steve",0,0,0.0,0.16666666666666666,0.21739130434782608,0.6014492753623188,0.0,0.014492753623188406
"Shaheen, Jeanne",0,0,0.0,0.6060606060606061,0.3939393939393939,0.0,0.0,0.0
"Larson, John B",0,0,0.0,0.2857142857142857,0.21428571428571427,0.17857142857142858,0.0,0.32142857142857145
"Myrick, Sue",0,0,0.0,0.3010752688172043,0.3548387096774194,0.21505376344086022,0.0,0.12903225806451613
"Petri, Tom",0,0,0.0,0.46153846153846156,0.3076923076923077,0.0,0.0,0.23076923076923078
"Gonzalez, Charlie A",0,0,0.0,0.17525773195876287,0.422680412371134,0.3402061855670103,0.0,0.061855670103092786
"Schultz, Debbie Wasserman",0,0,0.0,0.1111111111111111,0.1111111111111111,0.0,0.0,0.7777777777777778
"Mitchell, Harry",0,0,0.0,0.27586206896551724,0.41379310344827586,0.3103448275862069,0.0,0.0
"Crawford, Rick",0,0,0.0,0.15,0.15,0.7,0.0,0.0
"Reed, Tom",0,0,0.0,0.056338028169014086,0.056338028169014086,0.8309859154929577,0.0,0.056338028169014086
"Chambliss, Saxby",0,0,0.0,0.14285714285714285,0.14285714285714285,0.7142857142857143,0.0,0.0
"Hall, Ralph",0,0,0.0,0.11235955056179775,0.34831460674157305,0.5393258426966292,0.0,0.0
"Burgess, Michael",0,0,0.0,0.07339449541284404,0.24770642201834864,0.6055045871559633,0.0,0.07339449541284404
"McCarthy, Kevin",0,0,0.0,0.15315315315315314,0.17117117117117117,0.5855855855855856,0.0,0.09009009009009009
"Yoder, Kevin",0,0,0.0,0.032520325203252036,0.2926829268292683,0.6747967479674797,0.0,0.0
"Adler, John H",0,0,0.0,0.35135135135135137,0.43243243243243246,0.0,0.0,0.21621621621621623
"Kind, Ron",0,0,0.0,0.3611111111111111,0.4166666666666667,0.027777777777777776,0.0,0.19444444444444445
"Ryan, Tim",0,0,0.0,0.3076923076923077,0.5164835164835165,0.0,0.0,0.17582417582417584
"Grijalva, Raul M",0,0,0.0,0.5,0.5,0.0,0.0,0.0
"Edwards, Donna",0,0,0.0,0.5,0.5,0.0,0.0,0.0
"Himes, Jim",0,0,0.0,0.4482758620689655,0.1724137931034483,0.034482758620689655,0.0,0.3448275862068966
"Walden, Greg",0,0,0.0,0.23053892215568864,0.26646706586826346,0.437125748502994,0.0,0.0658682634730539
"Carper, Tom",0,0,0.0,0.37765089722675366,0.37765089722675366,0.0,0.0,0.24469820554649266
"Black, Diane",0,0,0.0,0.21052631578947367,0.21052631578947367,0.5789473684210527,0.0,0.0
"Clarke, Hansen",0,0,0.0,0.5,0.5,0.0,0.0,0.0
"Driehaus, Steve",0,0,0.0,0.3387096774193548,0.3387096774193548,0.0,0.0,0.3225806451612903
"Kissell, Larry",0,0,0.0,0.43478260869565216,0.43478260869565216,0.0,0.0,0.13043478260869565
"Inglis, Bob",0,0,0.0,0.26153846153846155,0.26153846153846155,0.24615384615384617,0.0,0.23076923076923078
"Etheridge, Bob",0,0,0.0,0.2894736842105263,0.2894736842105263,0.0,0.0,0.42105263157894735
"Hagan, Kay R",0,0,0.0,0.47058823529411764,0.47058823529411764,0.0,0.0,0.058823529411764705
"Duncan, Jeff",0,0,0.0,0.3142857142857143,0.3142857142857143,0.3142857142857143,0.0,0.05714285714285714
"McHenry, Patrick",0,0,0.0,0.275,0.275,0.225,0.0,0.225
"McIntyre, Mike",0,0,0.0,0.29545454545454547,0.29545454545454547,0.045454545454545456,0.0,0.36363636363636365
"Boxer, Barbara",0,0,0.0,0.2692307692307692,0.5,0.0,0.0,0.23076923076923078
"Mulvaney, Mick",0,0,0.0,0.23255813953488372,0.23255813953488372,0.5348837209302325,0.0,0.0
"Tiberi, Pat",0,0,0.0,0.3333333333333333,0.5,0.08333333333333333,0.0,0.08333333333333333
"Thomas, David Lloyd",0,0,0.0,0.5,0.5,0.0,0.0,0.0
"Coble, Howard",0,0,0.0,0.25,0.25,0.25,0.0,0.25
"Conway, Jack",0,0,0.0,0.45,0.55,0.0,0.0,0.0
"Waxman, Henry",0,0,0.0,0.25,0.4583333333333333,0.0,0.0,0.2916666666666667
"Christian-Christensen, Donna",0,0,0.0,0.3684210526315789,0.3684210526315789,0.15789473684210525,0.0,0.10526315789473684
"Austria, Steve",0,0,0.0,0.19718309859154928,0.4788732394366197,0.23943661971830985,0.0,0.08450704225352113
"Watt, Melvin L",0,0,0.0,0.25,0.25,0.0,0.0,0.5
"Boccieri, John A",0,0,0.0,0.35294117647058826,0.5294117647058824,0.0,0.0,0.11764705882352941
"Carson, Andre",0,0,0.0,0.4166666666666667,0.4166666666666667,0.0,0.0,0.16666666666666666
"Gowdy, Trey",0,0,0.0,0.14705882352941177,0.14705882352941177,0.6470588235294118,0.0,0.058823529411764705
"Towns, Edolphus",0,0,0.0,0.3188405797101449,0.463768115942029,0.028985507246376812,0.0,0.18840579710144928
"Markey, Betsy",0,0,0.0,0.4166666666666667,0.5,0.0,0.0,0.08333333333333333
"Lieberman, Joe",0,0,0.0,0.5,0.4,0.0,0.0,0.1
"Brown, Henry",0,0,0.0,0.18181818181818182,0.18181818181818182,0.5454545454545454,0.0,0.09090909090909091
"Lee, Barbara",0,0,0.0,0.15384615384615385,0.15384615384615385,0.23076923076923078,0.0,0.46153846153846156
"Latham, Tom",0,0,0.0,0.2916666666666667,0.375,0.08333333333333333,0.0,0.25
"Lewis, John",0,0,0.0,0.4642857142857143,0.4642857142857143,0.0,0.0,0.07142857142857142
"Bright, Bobby",0,0,0.0,0.313953488372093,0.38372093023255816,0.23255813953488372,0.0,0.06976744186046512
"Fudge, Marcia L",0,0,0.0,0.20689655172413793,0.20689655172413793,0.0,0.0,0.5862068965517241
"Rokita, Todd",0,0,0.0,0.15384615384615385,0.15384615384615385,0.6923076923076923,0.0,0.0
"Childers, Travis",0,0,0.0,0.3904761904761905,0.4095238095238095,0.06666666666666667,0.0,0.13333333333333333
"Miller, Brad",0,0,0.0,0.16666666666666666,0.16666666666666666,0.0,0.0,0.6666666666666666
"Cummings, Elijah E",0,0,0.0,0.3333333333333333,0.3333333333333333,0.3333333333333333,0.0,0.0
"Castle, Michael N",0,0,0.0,0.03125,0.03125,0.90625,0.0,0.03125
"Sutton, Betty Sue",0,0,0.0,0.4074074074074074,0.48148148148148145,0.0,0.0,0.1111111111111111
"Jones, Walter B Jr",0,0,0.0,0.5,0.5,0.0,0.0,0.0
"Price, David",0,0,0.0,0.1,0.1,0.0,0.0,0.8
"Risch, James E",0,0,0.0,0.3076923076923077,0.3076923076923077,0.23076923076923078,0.0,0.15384615384615385
"Lugar, Richard G",0,0,0.0,0.25,0.25,0.0,0.0,0.5
"Boyd, Allen",0,0,0.0,0.2972972972972973,0.32432432432432434,0.16216216216216217,0.0,0.21621621621621623
"Pelosi, Nancy",0,0,0.0,0.12727272727272726,0.21818181818181817,0.36363636363636365,0.0,0.2909090909090909
"Griffith, Parker",0,0,0.0,0.3063063063063063,0.34234234234234234,0.2972972972972973,0.0,0.05405405405405406
"Latta, Robert E",0,0,0.0,0.27848101265822783,0.5063291139240507,0.16455696202531644,0.0,0.05063291139240506
"Scott, Tim",0,0,0.0,0.09523809523809523,0.09523809523809523,0.7142857142857143,0.0,0.09523809523809523
"Levin, Carl",0,0,0.0,0.5,0.5,0.0,0.0,0.0
"Pence, Mike",0,0,0.0,0.027777777777777776,0.09722222222222222,0.7083333333333334,0.0,0.16666666666666666
"Nelson, Bill",0,0,0.0,0.3225806451612903,0.45161290322580644,0.0,0.0,0.22580645161290322
"Gillibrand, Kirsten",0,0,0.0,0.21621621621621623,0.2882882882882883,0.27927927927927926,0.0,0.21621621621621623
"Corker, Bob",0,0,0.0,0.1282051282051282,0.3333333333333333,0.4358974358974359,0.0,0.10256410256410256
"McMahon, Michael E",0,0,0.0,0.32,0.44,0.0,0.0,0.24
"Palazzo, Steven",0,0,0.0,0.4,0.4,0.2,0.0,0.0
"Schumer, Charles E",0,0,0.0,0.14130434782608695,0.25,0.33695652173913043,0.0,0.2717391304347826
"Garcia, Joe",0,0,0.0,0.5,0.5,0.0,0.0,0.0
"Alexander, Rodney",0,0,0.0,0.16129032258064516,0.20967741935483872,0.5645161290322581,0.0,0.06451612903225806
"Berry, Marion",0,0,0.0,0.21951219512195122,0.5609756097560976,0.21951219512195122,0.0,0.0
"Poe, Ted",0,0,0.0,0.15254237288135594,0.1864406779661017,0.6610169491525424,0.0,0.0
"Harper, Gregg",0,0,0.0,0.2857142857142857,0.2857142857142857,0.3333333333333333,0.0,0.09523809523809523
"King, Pete",0,0,0.0,0.19047619047619047,0.19047619047619047,0.5238095238095238,0.0,0.09523809523809523
"Richmond, Cedric",0,0,0.0,0.20833333333333334,0.20833333333333334,0.5833333333333334,0.0,0.0
"Wicker, Roger",0,0,0.0,0.3673469387755102,0.40816326530612246,0.10204081632653061,0.0,0.12244897959183673
"Wills, Robbie",0,0,0.0,0.3333333333333333,0.6666666666666666,0.0,0.0,0.0
"Brady, Kevin",0,0,0.0,0.056074766355140186,0.07476635514018691,0.8130841121495327,0.0,0.056074766355140186
"Israel, Steve",0,0,0.0,0.18,0.34,0.18,0.0,0.3
"Womack, Steve",0,0,0.0,0.19230769230769232,0.19230769230769232,0.6153846153846154,0.0,0.0
"Carter, John",0,0,0.0,0.06557377049180328,0.32786885245901637,0.5081967213114754,0.0,0.09836065573770492
"Maffei, Dan",0,0,0.0,0.2,0.2,0.1,0.0,0.5
"Hastings, Alcee L",0,0,0.0,0.5,0.5,0.0,0.0,0.0
"Courtney, Joe",0,0,0.0,0.6666666666666666,0.16666666666666666,0.0,0.0,0.16666666666666666
"Cassidy, Bill",0,0,0.0,0.11976047904191617,0.2215568862275449,0.6586826347305389,0.0,0.0
"Klein, Ron",0,0,0.0,0.3076923076923077,0.3076923076923077,0.0,0.0,0.38461538461538464
"Owens, Bill",0,0,0.0,0.4,0.4,0.0,0.0,0.2
"Landry, Jeff",0,0,0.0,0.07766990291262135,0.07766990291262135,0.8446601941747572,0.0,0.0
"Tonko, Paul",0,0,0.0,0.10714285714285714,0.10714285714285714,0.0,0.0,0.7857142857142857
"Granger, Kay",0,0,0.0,0.1076923076923077,0.18461538461538463,0.5846153846153846,0.0,0.12307692307692308
"Elliott, Joyce",0,0,0.0,0.5,0.5,0.0,0.0,0.0
"Downer, Hunt",0,0,0.0,0.3333333333333333,0.3333333333333333,0.3333333333333333,0.0,0.0
"Velazquez, Nydia M",0,0,0.0,0.5,0.5,0.0,0.0,0.0
"Dreier, David",0,0,0.0,0.046511627906976744,0.046511627906976744,0.6046511627906976,0.0,0.3023255813953488
"Cornyn, John",0,0,0.0,0.375,0.625,0.0,0.0,0.0
"Jackson Lee, Sheila",0,0,0.0,0.09523809523809523,0.19047619047619047,0.5238095238095238,0.0,0.19047619047619047
"Bledsoe, Cecile H",0,0,0.0,0.5,0.5,0.0,0.0,0.0
"Inhofe, James M",0,0,0.0,0.3333333333333333,0.5714285714285714,0.09523809523809523,0.0,0.0
"Fattah, Chaka",0,0,0.0,0.18181818181818182,0.45454545454545453,0.0,0.0,0.36363636363636365
"McNerney, Jerry",0,0,0.0,0.2,0.2,0.0,0.1,0.5
"Alexander, Lamar",0,0,0.0,0.2916666666666667,0.2916666666666667,0.4166666666666667,0.0,0.0
"Wyden, Ron",0,0,0.0,0.2857142857142857,0.5357142857142857,0.10714285714285714,0.0,0.07142857142857142
"Clarke, Yvette D",0,0,0.0,0.16666666666666666,0.16666666666666666,0.0,0.0,0.6666666666666666
"Cao, Joseph",0,0,0.0,0.125,0.125,0.75,0.0,0.0
"Pallone, Frank Jr",0,0,0.0,0.3018867924528302,0.3018867924528302,0.0,0.0,0.39622641509433965
"Cardoza, Dennis",0,0,0.0,0.15625,0.15625,0.53125,0.0,0.15625
"Coons, Chris",0,0,0.0,0.14285714285714285,0.14285714285714285,0.2857142857142857,0.0,0.42857142857142855
"Bass, Karen",0,0,0.0,0.2,0.2,0.0,0.0,0.6
"Fisher, Lee Irwin",0,0,0.0,0.35294117647058826,0.6470588235294118,0.0,0.0,0.0
"Garrett, Scott",0,0,0.0,0.11864406779661017,0.1864406779661017,0.576271186440678,0.0,0.11864406779661017
"Sanchez, Loretta",0,0,0.0,0.08333333333333333,0.08333333333333333,0.0,0.0,0.8333333333333334
"Hilliard, Earl Frederick Jr",0,0,0.0,0.5,0.5,0.0,0.0,0.0
"Coakley, Martha",0,0,0.0,0.5,0.0,0.0,0.0,0.5
"Guinta, Frank",0,0,0.0,0.38461538461538464,0.0,0.6153846153846154,0.0,0.0
"Ashooh, Richard E",0,0,0.0,1.0,0.0,0.0,0.0,0.0
"DeLauro, Rosa L",0,0,0.0,0.2857142857142857,0.0,0.0,0.0,0.7142857142857143
"Whitehouse, Sheldon",0,0,0.0,0.45454545454545453,0.18181818181818182,0.0,0.0,0.36363636363636365
"Olver, John W",0,0,0.0,0.4,0.0,0.0,0.0,0.6
"Hodes, Paul W",0,0,0.0,1.0,0.0,0.0,0.0,0.0
"Rogers, Mike D",0,0,0.0,0.3157894736842105,0.2631578947368421,0.21052631578947367,0.0,0.21052631578947367
"Welch, Peter",0,0,0.0,0.16666666666666666,0.0,0.16666666666666666,0.0,0.6666666666666666
"Keating, Bill",0,0,0.0,1.0,0.0,0.0,0.0,0.0
"LaTourette, Steve",0,0,0.0,0.4,0.44,0.04,0.0,0.12
"Jordan, Jim",0,0,0.0,0.21818181818181817,0.4909090909090909,0.21818181818181817,0.0,0.07272727272727272
"Lance, Leonard",0,0,0.0,0.25,0.25,0.375,0.0,0.125
"Pitts, Joe",0,0,0.0,0.19047619047619047,0.19047619047619047,0.35714285714285715,0.0,0.2619047619047619
"Turner, Michael R",0,0,0.0,0.16393442622950818,0.2459016393442623,0.08196721311475409,0.0,0.5081967213114754
"Broun, Paul",0,0,0.0,0.3382352941176471,0.3382352941176471,0.3235294117647059,0.0,0.0
"Kanjorski, Paul E",0,0,0.0,0.4074074074074074,0.4074074074074074,0.0,0.0,0.18518518518518517
"Holt, Rush",0,0,0.0,0.09523809523809523,0.5238095238095238,0.0,0.0,0.38095238095238093
"Issa, Darrell",0,0,0.0,0.023529411764705882,0.023529411764705882,0.9058823529411765,0.0,0.047058823529411764
"Voinovich, George V",0,0,0.0,0.3333333333333333,0.6666666666666666,0.0,0.0,0.0
"Noem, Kristi",0,0,0.0,0.2,0.16,0.64,0.0,0.0
"DeFazio, Peter",0,0,0.0,0.5,0.5,0.0,0.0,0.0
"Blumenauer, Earl",0,0,0.0,0.21428571428571427,0.21428571428571427,0.22857142857142856,0.0,0.34285714285714286
"Schrader, Kurt",0,0,0.0,0.43333333333333335,0.43333333333333335,0.0,0.0,0.13333333333333333
"Wu, David",0,0,0.0,0.36363636363636365,0.36363636363636365,0.0,0.0,0.2727272727272727
"Carney, Chris",0,0,0.0,0.36619718309859156,0.36619718309859156,0.19718309859154928,0.0,0.07042253521126761
"Murphy, Patrick J",0,0,0.0,0.45454545454545453,0.45454545454545453,0.0,0.0,0.09090909090909091
"Schwartz, Allyson",0,0,0.0,0.3333333333333333,0.3333333333333333,0.0,0.0,0.3333333333333333
"Chandler, Ben",0,0,0.0,0.24,0.24,0.0,0.0,0.52
"Barletta, Lou",0,0,0.0,0.21978021978021978,0.21978021978021978,0.5604395604395604,0.0,0.0
"Marino, Tom",0,0,0.0,0.45454545454545453,0.45454545454545453,0.09090909090909091,0.0,0.0
"Gerlach, Jim",0,0,0.0,0.19298245614035087,0.19298245614035087,0.3508771929824561,0.0,0.2631578947368421
"Yarmuth, John A",0,0,0.0,0.14285714285714285,0.14285714285714285,0.0,0.0,0.7142857142857143
"Thompson, Mike",0,0,0.0,0.26666666666666666,0.26666666666666666,0.06666666666666667,0.0,0.4
"Oberstar, James L",0,0,0.0,0.2727272727272727,0.45454545454545453,0.0,0.0,0.2727272727272727
"Michaud, Mike",0,0,0.0,0.3333333333333333,0.6666666666666666,0.0,0.0,0.0
"Sewell, Terri A",0,0,0.0,0.5,0.5,0.0,0.0,0.0
"Aderholt, Robert B",0,0,0.0,0.42857142857142855,0.42857142857142855,0.08571428571428572,0.0,0.05714285714285714
"Taylor, Gene",0,0,0.0,0.273972602739726,0.273972602739726,0.2602739726027397,0.0,0.1917808219178082
"Smoot, Sheila",0,0,0.0,0.5,0.5,0.0,0.0,0.0
"Bonner, Jo",0,0,0.0,0.3389830508474576,0.3389830508474576,0.2542372881355932,0.0,0.06779661016949153
"Woodall, Rob",0,0,0.0,0.29411764705882354,0.29411764705882354,0.37254901960784315,0.0,0.0392156862745098
"Gingrey, Phil",0,0,0.0,0.21739130434782608,0.2391304347826087,0.41304347826086957,0.0,0.13043478260869565
"Westmoreland, Lynn A",0,0,0.0,0.36363636363636365,0.36363636363636365,0.2727272727272727,0.0,0.0
"Bachus, Spencer",0,0,0.0,0.2564102564102564,0.2564102564102564,0.3333333333333333,0.0,0.15384615384615385
"Graves, Tom",0,0,0.0,0.3225806451612903,0.3225806451612903,0.3225806451612903,0.0,0.03225806451612903
"Bishop, Sanford",0,0,0.0,0.36363636363636365,0.36363636363636365,0.0,0.0,0.2727272727272727
"Price, Tom",0,0,0.0,0.24390243902439024,0.24390243902439024,0.2926829268292683,0.0,0.21951219512195122
"Kingston, Jack",0,0,0.0,0.3333333333333333,0.3333333333333333,0.2,0.0,0.13333333333333333
"Marshall, Jim",0,0,0.0,0.3225806451612903,0.3225806451612903,0.12903225806451613,0.0,0.22580645161290322
"Miller, Jeff",0,0,0.0,0.5,0.5,0.0,0.0,0.0
"Raby, Stephen",0,0,0.0,0.38095238095238093,0.38095238095238093,0.23809523809523808,0.0,0.0
"Roby, Martha",0,0,0.0,0.2777777777777778,0.2777777777777778,0.4444444444444444,0.0,0.0
"Davis, Lincoln",0,0,0.0,0.37037037037037035,0.37037037037037035,0.07407407407407407,0.0,0.18518518518518517
"Linder, John",0,0,0.0,0.5,0.5,0.0,0.0,0.0
"Scott, David",0,0,0.0,0.30303030303030304,0.30303030303030304,0.21212121212121213,0.0,0.18181818181818182
"Brooks, Mo",0,0,0.0,0.3076923076923077,0.3076923076923077,0.3076923076923077,0.0,0.07692307692307693
"Johnson, Hank",0,0,0.0,0.35,0.35,0.1,0.0,0.2
"Coburn, Tom",0,0,0.0,0.03428571428571429,0.07428571428571429,0.8285714285714286,0.0,0.06285714285714286
"Roberts, Pat",0,0,0.0,0.5,0.5,0.0,0.0,0.0
"Scott, Austin",0,0,0.0,0.22727272727272727,0.22727272727272727,0.5454545454545454,0.0,0.0
"Perkins, James Jr",0,0,0.0,0.5,0.5,0.0,0.0,0.0
"Cochran, Thad",0,0,0.0,0.5,0.5,0.0,0.0,0.0
"Johnson, Sam",0,0,0.0,0.04048582995951417,0.29959514170040485,0.5384615384615384,0.0,0.1214574898785425
"Bozeman, Martha",0,0,0.0,0.5,0.5,0.0,0.0,0.0
"Beutler, Jaime Herrera",0,0,0.0,0.05128205128205128,0.05128205128205128,0.8974358974358975,0.0,0.0
"Kirkpatrick, Ann",0,0,0.0,0.14285714285714285,0.14285714285714285,0.5,0.0,0.21428571428571427
"Terry, Lee",0,0,0.0,0.046875,0.046875,0.8125,0.0,0.09375
"Radanovich, George",0,0,0.0,0.07142857142857142,0.07142857142857142,0.7142857142857143,0.0,0.14285714285714285
"Kosmas, Suzanne",0,0,0.0,0.21428571428571427,0.21428571428571427,0.0,0.0,0.5714285714285714
"Webster, Daniel",0,0,0.0,0.041666666666666664,0.041666666666666664,0.9166666666666666,0.0,0.0
"Feingold, Russ",0,0,0.0,0.2916666666666667,0.25,0.0,0.0,0.4583333333333333
"Moore, Gwen",0,0,0.0,0.6666666666666666,0.0,0.0,0.0,0.3333333333333333
"Baldwin, Tammy",0,0,0.0,0.18181818181818182,0.36363636363636365,0.0,0.0,0.45454545454545453
"Kagen, Steve",0,0,0.0,0.25,0.5,0.0,0.0,0.25
"Sensenbrenner, Jim",0,0,0.0,0.3333333333333333,0.0,0.2857142857142857,0.0,0.38095238095238093
"Duffy, Sean P",0,0,0.0,0.20454545454545456,0.18181818181818182,0.5681818181818182,0.0,0.045454545454545456
"Paulsen, Erik",0,0,0.0,0.29411764705882354,0.29411764705882354,0.27450980392156865,0.0,0.13725490196078433
"Kline, John",0,0,0.0,0.17391304347826086,0.17391304347826086,0.5217391304347826,0.0,0.13043478260869565
"DeGette, Diana",0,0,0.0,0.3829787234042553,0.3829787234042553,0.06382978723404255,0.0,0.1702127659574468
"Perlmutter, Ed",0,0,0.0,0.25925925925925924,0.25925925925925924,0.1111111111111111,0.0,0.37037037037037035
"Thornberry, Mac",0,0,0.0,0.11320754716981132,0.18867924528301888,0.5471698113207547,0.0,0.1509433962264151
"Heinrich, Martin",0,0,0.0,0.13333333333333333,0.5777777777777777,0.2,0.0,0.08888888888888889
"Bachmann, Michele",0,0,0.0,0.15384615384615385,0.15384615384615385,0.46153846153846156,0.0,0.23076923076923078
"Herger, Wally",0,0,0.0,0.11428571428571428,0.11428571428571428,0.5428571428571428,0.0,0.22857142857142856
"Lujan, Ben Ray",0,0,0.0,0.07017543859649122,0.5964912280701754,0.2982456140350877,0.0,0.03508771929824561
"Cravaack, Chip",0,0,0.0,0.2857142857142857,0.2857142857142857,0.42857142857142855,0.0,0.0
"Walz, Tim",0,0,0.0,0.4,0.6,0.0,0.0,0.0
"Tipton, Scott",0,0,0.0,0.16,0.16,0.68,0.0,0.0
"McCollum, Betty",0,0,0.0,0.5,0.5,0.0,0.0,0.0
"Johnson, Tim",0,0,0.0,0.3333333333333333,0.3333333333333333,0.3333333333333333,0.0,0.0
"Souder, Mark E",0,0,0.0,0.08,0.4,0.44,0.0,0.08
"Lassa, Julie",0,0,0.0,0.3333333333333333,0.6666666666666666,0.0,0.0,0.0
"Reichert, Dave",0,0,0.0,0.0625,0.0625,0.4375,0.0,0.4375
"Johanns, Mike",0,0,0.0,0.5,0.5,0.0,0.0,0.0
"McDermott, Jim",0,0,0.0,0.25,0.25,0.0,0.0,0.5
"Salazar, Ken",0,0,0.0,0.5,0.5,0.0,0.0,0.0
"Loebsack, David",0,0,0.0,0.0,0.3076923076923077,0.0,0.0,0.6923076923076923
"Harkin, Tom",0,0,0.0,0.0,0.4166666666666667,0.5833333333333334,0.0,0.0
"Braley, Bruce",0,0,0.0,0.0,1.0,0.0,0.0,0.0
"Boswell, Leonard",0,0,0.0,0.0,0.5,0.0,0.0,0.5
"King, Steven A",0,0,0.0,0.0,0.08695652173913043,0.9130434782608695,0.0,0.0
"Ribble, Reid",0,0,0.0,0.0,0.09090909090909091,0.9090909090909091,0.0,0.0
"Hershman, Brandt",0,0,0.0,0.0,1.0,0.0,0.0,0.0
"Thompson, Michael Ray",0,0,0.0,0.0,0.40229885057471265,0.5977011494252874,0.0,0.0
"Kilroy, Mary Jo",0,0,0.0,0.0,0.3333333333333333,0.0,0.0,0.6666666666666666
"Cloud, Jeff",0,0,0.0,0.0,0.9090909090909091,0.09090909090909091,0.0,0.0
"Goodlatte, Bob",0,0,0.0,0.0,0.36363636363636365,0.18181818181818182,0.0,0.45454545454545453
"Ortiz, Solomon P",0,0,0.0,0.0,0.20920502092050208,0.7907949790794979,0.0,0.0
"Buyer, Steve",0,0,0.0,0.0,0.6363636363636364,0.18181818181818182,0.0,0.18181818181818182
"Cuellar, Henry",0,0,0.0,0.0,0.24528301886792453,0.7547169811320755,0.0,0.0
"Conaway, Mike",0,0,0.0,0.0,0.22340425531914893,0.7340425531914894,0.0,0.0425531914893617
"Neugebauer, Randy",0,0,0.0,0.0,0.2097902097902098,0.7202797202797203,0.0,0.06993006993006994
"Gohmert, Louis B Jr",0,0,0.0,0.0,0.34285714285714286,0.6571428571428571,0.0,0.0
"Shadegg, John",0,0,0.0,0.0,0.08333333333333333,0.9166666666666666,0.0,0.0
"Rodriguez, Ciro D",0,0,0.0,0.0,0.2025114559862275,0.7721714473784146,0.0,0.025317096635357857
"Engel, Eliot",0,0,0.0,0.0,0.16666666666666666,0.0,0.0,0.8333333333333334
"Bono Mack, Mary",0,0,0.0,0.0,0.07407407407407407,0.6111111111111112,0.0,0.3148148148148148
"Farenthold, Blake",0,0,0.0,0.0,0.07142857142857142,0.9285714285714286,0.0,0.0
"Lafonta, Juan",0,0,0.0,0.0,1.0,0.0,0.0,0.0
"Flores, Bill",0,0,0.0,0.0,0.2186355423157689,0.7325291790789666,0.0,0.048835278605264446
"Marchant, Kenny",0,0,0.0,0.0,0.34545454545454546,0.6181818181818182,0.0,0.03636363636363636
"Johnson, Eddie Bernice",0,0,0.0,0.0,1.0,0.0,0.0,0.0
"Olson, Pete",0,0,0.0,0.0,0.08823529411764706,0.8529411764705882,0.0,0.058823529411764705
"Smith, Lamar",0,0,0.0,0.0,0.06578947368421052,0.8026315789473685,0.0,0.13157894736842105
"Culberson, John",0,0,0.0,0.0,0.05128205128205128,0.9487179487179487,0.0,0.0
"Reyes, Silvestre",0,0,0.0,0.0,0.3333333333333333,0.3333333333333333,0.0,0.3333333333333333
"Hinojosa, Ruben",0,0,0.0,0.0,0.16666666666666666,0.8333333333333334,0.0,0.0
"Pompeo, Mike",0,0,0.0,0.0,0.1320754716981132,0.8679245283018868,0.0,0.0
"Cleaver, Emanuel",0,0,0.0,0.0,1.0,0.0,0.0,0.0
"Tiahrt, Todd",0,0,0.0,0.0,0.15,0.85,0.0,0.0
"Jenkins, Lynn",0,0,0.0,0.0,0.16279069767441862,0.8372093023255814,0.0,0.0
"Huelskamp, Tim",0,0,0.0,0.0,0.17073170731707318,0.8292682926829268,0.0,0.0
"Barnett, James A",0,0,0.0,0.0,1.0,0.0,0.0,0.0
"Moore, Dennis",0,0,0.0,0.0,1.0,0.0,0.0,0.0
"Carney, John",0,0,0.0,0.0,0.6666666666666666,0.0,0.0,0.3333333333333333
"Clinton, Hillary",0,0,0.0,0.0,1.0,0.0,0.0,0.0
"Hutchison, Kay Bailey",0,0,0.0,0.0,0.5555555555555556,0.2222222222222222,0.0,0.2222222222222222
"Pascrell, Bill Jr",0,0,0.0,0.0,0.25,0.0,0.0,0.75
"Collins, Susan M",0,0,0.0,0.0,0.6666666666666666,0.0,0.0,0.3333333333333333
"Bilbray, Brian P",0,0,0.0,0.0,0.1724137931034483,0.6896551724137931,0.0,0.13793103448275862
"LoBiondo, Frank",0,0,0.0,0.0,0.25,0.0,0.0,0.75
"Harman, Jane",0,0,0.0,0.0,0.10526315789473684,0.42105263157894735,0.0,0.47368421052631576
"Inslee, Jay",0,0,0.0,0.0,0.14285714285714285,0.0,0.0,0.8571428571428571
"Causey, Chad",0,0,0.0,0.0,1.0,0.0,0.0,0.0
"Udall, Tom",0,0,0.0,0.0,0.5555555555555556,0.4444444444444444,0.0,0.0
"White, Bill",0,0,0.0,0.0,0.5,0.5,0.0,0.0
"Lankford, James",0,0,0.0,0.0,0.0,1.0,0.0,0.0
"Cole, Tom",0,0,0.0,0.0,0.0,0.95,0.0,0.05
"Phillips, George K",0,0,0.0,0.0,0.0,1.0,0.0,0.0
"Mica, John L",0,0,0.0,0.0,0.0,0.5185185185185185,0.0,0.48148148148148145
"Kerry, John",0,0,0.0,0.0,0.0,0.3125,0.0,0.6875
"Buerkle, Ann Marie",0,0,0.0,0.0,0.0,1.0,0.0,0.0
"Kelly, Mike",0,0,0.0,0.0,0.0,1.0,0.0,0.0
"Fitzpatrick, Michael G",0,0,0.0,0.0,0.0,1.0,0.0,0.0
"Hayworth, Nan",0,0,0.0,0.0,0.0,1.0,0.0,0.0
"Costa, Jim",0,0,0.0,0.0,0.0,1.0,0.0,0.0
"Rivera, David",0,0,0.0,0.0,0.0,0.9555555555555556,0.0,0.044444444444444446
"Royce, Ed",0,0,0.0,0.0,0.0,0.7333333333333333,0.0,0.26666666666666666
"Djou, Charles",0,0,0.0,0.0,0.0,0.9420289855072463,0.0,0.057971014492753624
"Miller, George",0,0,0.0,0.0,0.0,0.75,0.0,0.25
"Denham, Jeff",0,0,0.0,0.0,0.0,0.9333333333333333,0.0,0.06666666666666667
"Campbell, John",0,0,0.0,0.0,0.0,1.0,0.0,0.0
"Ross, Dennis",0,0,0.0,0.0,0.0,0.8235294117647058,0.0,0.17647058823529413
"Miller, Gary",0,0,0.0,0.0,0.0,0.8333333333333334,0.0,0.16666666666666666
"Rohrabacher, Dana",0,0,0.0,0.0,0.0,1.0,0.0,0.0
"Green, Al",0,0,0.0,0.0,0.0,1.0,0.0,0.0
"Smith, Gordon H",0,0,0.0,0.0,0.0,1.0,0.0,0.0
"Ros-Lehtinen, Ileana",0,0,0.0,0.0,0.0,0.3333333333333333,0.0,0.6666666666666666
"Richardson, Laura",0,0,0.0,0.0,0.0,0.6363636363636364,0.0,0.36363636363636365
"Payne, Donald M",0,0,0.0,0.0,0.0,1.0,0.0,0.0
"McClintock, Tom",0,0,0.0,0.0,0.0,1.0,0.0,0.0
"Canseco, Quico",0,0,0.0,0.0,0.0,0.9473684210526315,0.0,0.05263157894736842
"Wilson, Joe",0,0,0.0,0.0,0.0,1.0,0.0,0.0
"Martin, Ed",0,0,0.0,0.0,0.0,1.0,0.0,0.0
"Sires, Albio",0,0,0.0,0.0,0.0,1.0,0.0,0.0
"Tran, Van",0,0,0.0,0.0,0.0,1.0,0.0,0.0
"Paul, Ron",0,0,0.0,0.0,0.0,1.0,0.0,0.0
"Flake, Jeff",0,0,0.0,0.0,0.0,1.0,0.0,0.0
"Barela, Jon",0,0,0.0,0.0,0.0,1.0,0.0,0.0
"Raese, John R",0,0,0.0,0.0,0.0,1.0,0.0,0.0
"Mullins, Thomas E",0,0,0.0,0.0,0.0,1.0,0.0,0.0
"Vidak, Andy",0,0,0.0,0.0,0.0,1.0,0.0,0.0
"Raymond, Richard",0,0,0.0,0.0,0.0,1.0,0.0,0.0
"Kelly, Jesse",0,0,0.0,0.0,0.0,1.0,0.0,0.0
"Fimian, Keith S",0,0,0.0,0.0,0.0,1.0,0.0,0.0
"Raczkowski, Rocky",0,0,0.0,0.0,0.0,1.0,0.0,0.0
"Walorski, Jackie",0,0,0.0,0.0,0.0,1.0,0.0,0.0
"Grimm, Michael",0,0,0.0,0.0,0.0,1.0,0.0,0.0
"Perry, Jeff",0,0,0.0,0.0,0.0,1.0,0.0,0.0
"Gibson, Chris",0,0,0.0,0.0,0.0,0.8333333333333334,0.0,0.16666666666666666
"Loughlin, John",0,0,0.0,0.0,0.0,1.0,0.0,0.0
"Harmer, David Jeffrey",0,0,0.0,0.0,0.0,1.0,0.0,0.0
"Altschuler, Randy",0,0,0.0,0.0,0.0,1.0,0.0,0.0
"Dold, Bob",0,0,0.0,0.0,0.0,1.0,0.0,0.0
"Debicella, Dan",0,0,0.0,0.0,0.0,1.0,0.0,0.0
"Doheny, Matt",0,0,0.0,0.0,0.0,1.0,0.0,0.0
"Lange, Ben",0,0,0.0,0.0,0.0,1.0,0.0,0.0
"West, Allen",0,0,0.0,0.0,0.0,1.0,0.0,0.0
"Runyan, Jon",0,0,0.0,0.0,0.0,1.0,0.0,0.0
"Gosar, Paul",0,0,0.0,0.0,0.0,1.0,0.0,0.0
"Rigell, Scott",0,0,0.0,0.0,0.0,1.0,0.0,0.0
"Bruun, Scott",0,0,0.0,0.0,0.0,1.0,0.0,0.0
"Hanna, Richard",0,0,0.0,0.0,0.0,0.875,0.0,0.125
"Lee, Christopher J",0,0,0.0,0.0,0.0,0.47058823529411764,0.0,0.5294117647058824
"Posey, Bill",0,0,0.0,0.0,0.0,0.5,0.0,0.5
"Adams, Sandy",0,0,0.0,0.0,0.0,0.8333333333333334,0.0,0.16666666666666666
"Brown-Waite, Ginny",0,0,0.0,0.0,0.0,0.6666666666666666,0.0,0.3333333333333333
"Heck, Joe",0,0,0.0,0.0,0.0,1.0,0.0,0.0
"Burton, Dan",0,0,0.0,0.0,0.0,1.0,0.0,0.0
"Forbes, Randy",0,0,0.0,0.0,0.0,0.5,0.0,0.5
"Baca, Joe",0,0,0.0,0.0,0.0,0.2,0.0,0.8
"Buchanan, Vernon",0,0,0.0,0.0,0.0,1.0,0.0,0.0
"Gallegly, Elton",0,0,0.0,0.0,0.0,0.5,0.0,0.5
"Crenshaw, Ander ",0,0,0.0,0.0,0.0,1.0,0.0,0.0
"Rooney, Tom",0,0,0.0,0.0,0.0,0.8125,0.0,0.1875
"Crist, Charlie",0,0,0.0,0.0,0.0,1.0,0.0,0.0
"Mack, Connie",0,0,0.0,0.0,0.0,1.0,0.0,0.0
"Waring, James F",0,0,0.0,0.0,0.0,1.0,0.0,0.0
"Kyl, Jon",0,0,0.0,0.0,0.0,1.0,0.0,0.0
"Giffords, Gabrielle",0,0,0.0,0.0,0.0,0.4,0.0,0.6
"Carmouche, Paul J",0,0,0.0,0.0,0.0,1.0,0.0,0.0
"Franks, Trent",0,0,0.0,0.0,0.0,0.3333333333333333,0.0,0.6666666666666666
"Schweikert, David",0,0,0.0,0.0,0.0,1.0,0.0,0.0
"Southerland, Steve",0,0,0.0,0.0,0.0,1.0,0.0,0.0
"Diaz-Balart, Lincoln",0,0,0.0,0.0,0.0,1.0,0.0,0.0
"Cornilles, Robert",0,0,0.0,0.0,0.0,1.0,0.0,0.0
"Nugent, Richard",0,0,0.0,0.0,0.0,1.0,0.0,0.0
"Fossella, Vito",0,0,0.0,0.0,0.0,1.0,0.0,0.0
"Calvey, Kevin",0,0,0.0,0.0,0.0,1.0,0.0,0.0
"Johnson, Bill",0,0,0.0,0.0,0.0,1.0,0.0,0.0
"Diaz-Balart, Mario",0,0,0.0,0.0,0.0,0.5,0.0,0.5
"Canter, David",0,0,0.0,0.0,0.0,1.0,0.0,0.0
"Halter, Bill",0,0,0.0,0.0,0.0,1.0,0.0,0.0
"Olson, Bob",0,0,0.0,0.0,0.0,1.0,0.0,0.0
"Wittman, Rob",0,0,0.0,0.0,0.0,0.6428571428571429,0.0,0.35714285714285715
"McKeon, Buck",0,0,0.0,0.0,0.0,0.2,0.0,0.8
"Tedisco, Jim",0,0,0.0,0.0,0.0,1.0,0.0,0.0
"Rothfus, Keith J",0,0,0.0,0.0,0.0,1.0,0.0,0.0
"Ganley, Tom",0,0,0.0,0.0,0.0,1.0,0.0,0.0
"Andrews, Robert E",0,0,0.0,0.0,0.0,0.9523809523809523,0.0,0.047619047619047616
"Devore, Chuck",0,0,0.0,0.0,0.0,1.0,0.0,0.0
"Desaulnier, Mark",0,0,0.0,0.0,0.0,1.0,0.0,0.0
"Shapiro, Florence",0,0,0.0,0.0,0.0,1.0,0.0,0.0
"Nadler, Jerrold",0,0,0.0,0.0,0.0,1.0,0.0,0.0
"Bilirakis, Gus",0,0,0.0,0.0,0.0,0.25,0.0,0.75
"Foster, Bill",0,0,0.0,0.0,0.0,0.0,0.03333333333333333,0.9666666666666667
"Dodd, Chris",0,0,0.0,0.0,0.0,0.0,0.0,1.0
"Blumenthal, Richard",0,0,0.0,0.0,0.0,0.0,0.0,1.0
"Berman, Howard L",0,0,0.0,0.0,0.0,0.0,0.0,1.0
"Leahy, Patrick",0,0,0.0,0.0,0.0,0.0,0.0,1.0
"Feinstein, Dianne",0,0,0.0,0.0,0.0,0.0,0.0,1.0
"Smith, Adam",0,0,0.0,0.0,0.0,0.0,0.0,1.0
"Dicks, Norm",0,0,0.0,0.0,0.0,0.0,0.0,1.0
"Young, C W Bill",0,0,0.0,0.0,0.0,0.0,0.0,1.0
"Schiff, Adam",0,0,0.0,0.0,0.0,0.0,0.0,1.0
"Garamendi, John",0,0,0.0,0.0,0.0,0.0,0.0,1.0
"Frank, Barney",0,0,0.0,0.0,0.0,0.0,0.0,1.0
"Maloney, Carolyn B",0,0,0.0,0.0,0.0,0.0,0.0,1.0
"McCarthy, Carolyn",0,0,0.0,0.0,0.0,0.0,0.0,1.0
"Massa, Eric",0,0,0.0,0.0,0.0,0.0,0.0,1.0
"Sestak, Joe",0,0,0.0,0.0,0.0,0.0,0.0,1.0
"Moran, Jim",0,0,0.0,0.0,0.0,0.0,0.0,1.0
"Rothman, Steven R",0,0,0.0,0.0,0.0,0.0,0.0,1.0
"Snowe, Olympia",0,0,0.0,0.0,0.0,0.0,0.0,1.0
"Berkley, Shelley",0,0,0.0,0.0,0.0,0.0,0.0,1.0
"Slaughter, Louise M",0,0,0.0,0.0,0.0,0.0,0.0,1.0
"Sanchez, Linda",0,0,0.0,0.0,0.0,0.0,0.0,1.0
"Cooper, Jim",0,0,0.0,0.0,0.0,0.0,0.0,1.0
"Gutierrez, Luis V",0,0,0.0,0.0,0.0,0.0,0.0,1.0
"Sherman, Brad",0,0,0.0,0.0,0.0,0.0,0.0,1.0
"Weiner, Anthony D",0,0,0.0,0.0,0.0,0.0,0.0,1.0
"Hinchey, Maurice",0,0,0.0,0.0,0.0,0.0,0.0,1.0
"Lipinski, Daniel",0,0,0.0,0.0,0.0,0.0,0.0,1.0
"Cohen, Steve",0,0,0.0,0.0,0.0,0.0,0.0,1.0
"Kaptur, Marcy",0,0,0.0,0.0,0.0,0.0,0.0,1.0
"Hunter, Duncan D",0,0,0.0,0.0,0.0,0.0,0.0,1.0
"Merkley, Jeff",0,0,0.0,0.0,0.0,0.0,0.0,1.0
"Ruppersberger, Dutch",0,0,0.0,0.0,0.0,0.0,0.0,1.0
"Ellison, Keith",0,0,0.0,0.0,0.0,0.0,0.0,1.0
"Speier, Jackie",0,0,0.0,0.0,0.0,0.0,0.0,1.0
"Menendez, Robert",0,0,0.0,0.0,0.0,0.0,0.0,1.0
"Deutch, Ted",0,0,0.0,0.0,0.0,0.0,0.0,1.0
"Ensign, John",0,0,0.0,0.0,0.0,0.0,0.0,1.0
"Eshoo, Anna",0,0,0.0,0.0,0.0,0.0,0.0,1.0
"McGovern, James P",0,0,0.0,0.0,0.0,0.0,0.0,1.0
"Higgins, Brian M",0,0,0.0,0.0,0.0,0.0,0.0,1.0
"Cardin, Ben",0,0,0.0,0.0,0.0,0.0,0.0,1.0
"Capps, Lois",0,0,0.0,0.0,0.0,0.0,0.0,1.0
"Matsui, Doris",0,0,0.0,0.0,0.0,0.0,0.0,1.0
"Grayson, Alan",0,0,0.0,0.0,0.0,0.0,0.0,1.0
"Chu, Judy",0,0,0.0,0.0,0.0,0.0,0.0,1.0
"Brown, Corrine",0,0,0.0,0.0,0.0,0.0,0.0,1.0
"Titus, Dina",0,0,0.0,0.0,0.0,0.0,0.0,1.0
"Roybal-Allard, Lucille",0,0,0.0,0.0,0.0,0.0,0.0,1.0
"Connolly, Gerry",0,0,0.0,0.0,0.0,0.0,0.0,1.0
"Schakowsky, Jan",0,0,0.0,0.0,0.0,0.0,0.0,1.0
"Kennedy, Patrick J",0,0,0.0,0.0,0.0,0.0,0.0,1.0
"Lofgren, Zoe",0,0,0.0,0.0,0.0,0.0,0.0,1.0
"Jackson, Jesse Jr",0,0,0.0,0.0,0.0,0.0,0.0,1.0
"Scott, Bobby",0,0,0.0,0.0,0.0,0.0,0.0,1.0
"Filner, Bob",0,0,0.0,0.0,0.0,0.0,0.0,1.0
"Hawkins, Lee",0,0,0.0,0.0,0.0,0.0,0.0,1.0
"Stark, Pete",0,0,0.0,0.0,0.0,0.0,0.0,1.0
"Farr, Sam",0,0,0.0,0.0,0.0,0.0,0.0,1.0
"Lowey, Nita M",0,0,0.0,0.0,0.0,0.0,0.0,1.0
"Tierney, John F",0,0,0.0,0.0,0.0,0.0,0.0,1.0
