,Unnamed: 0,Unnamed: 0.1,name,fec_candidate_id,2010,2012,2014,2016,2018,2020,id,party
0,0,0,Kelly Ayotte,S0NH00235,1388591.0,0.0,0.0,3125102.0,0.0,0.0,A000368,R
1,1,1,Barbara Boxer,P80003247,0.0,0.0,0.0,0.0,0.0,0.0,B000711,D
2,2,2,Daniel Coats,S0IN00053,1373871.0,0.0,0.0,0.0,0.0,0.0,C000542,R
3,3,3,Mark Kirk,S0IL00261,2364142.2,0.0,0.0,2280451.0,0.0,0.0,K000360,R
4,4,4,Barbara Mikulski,S6MD00140,1349573.0,0.0,0.0,0.0,0.0,0.0,M000702,D
5,5,5,Harry Reid,S6NV00028,3513434.0,0.0,0.0,0.0,0.0,0.0,R000146,D
6,6,6,David Vitter,H0LA01079,0.0,0.0,0.0,0.0,0.0,0.0,V000127,R
7,7,7,Thad Cochran,S8MS00055,0.0,0.0,3080820.0,0.0,0.0,0.0,C000567,R
8,8,8,Bob Corker,S6TN00216,0.0,2186052.0,0.0,0.0,461150.0,0.0,C001071,R
9,9,9,Joe Donnelly,S2IN00091,0.0,1330692.02,0.0,0.0,2704788.58,0.0,D000607,D
10,10,10,Jeff Flake,S2AZ00141,0.0,1491114.0,0.0,0.0,1079475.0,0.0,F000444,R
11,11,11,Al Franken,S8MN00438,0.0,0.0,1440851.0,0.0,0.0,0.0,F000457,D
12,12,12,Orrin Hatch,S6UT00063,0.0,3706243.0,0.0,0.0,1779266.0,0.0,H000338,R
13,13,13,Heidi Heitkamp,S2ND00099,0.0,1043745.0,0.0,0.0,2920093.62,0.0,H001069,D
14,14,14,Dean Heller,S2NV00183,0.0,2293503.0,0.0,0.0,3414659.0,0.0,H001041,R
15,15,15,John McCain,S6AZ00019,970550.0,0.0,0.0,2144221.0,0.0,0.0,M000303,R
16,16,16,Claire McCaskill,S6MO00305,0.0,2060118.0,0.0,0.0,2401313.57,0.0,M001170,D
17,17,17,Bill Nelson,S8FL00166,0.0,2402722.0,0.0,0.0,2505695.19,0.0,N000032,D
18,18,18,Jeff Sessions,S6AL00195,0.0,0.0,825945.0,0.0,0.0,349534.0,S001141,R
19,19,19,Luther Strange,S8AL00308,0.0,0.0,0.0,0.0,1712076.0,0.0,S001202,R
20,20,20,Lamar Alexander,S2TN00058,0.0,0.0,2632960.0,0.0,0.0,0.0,A000360,R
21,21,21,Tammy Baldwin,H8WI00018,352081.0,159152.0,0.0,0.0,0.0,0.0,B001230,D
22,22,22,John Barrasso,S6WY00068,0.0,1731819.0,368500.0,103500.0,2555865.0,0.0,B001261,R
23,23,23,Michael Bennet,S0CO00211,2023779.0,0.0,0.0,2998307.0,0.0,0.0,B001267,D
24,24,24,Richard Blumenthal,S0CT00177,886009.0,0.0,0.0,1698372.0,0.0,0.0,B001277,D
25,25,25,Roy Blunt,H6MO07128,0.0,0.0,0.0,0.0,0.0,0.0,B000575,R
26,26,26,Cory Booker,S4NJ00185,0.0,0.0,1878427.0,0.0,0.0,666416.1,B001288,D
27,27,27,John Boozman,H2AR03176,0.0,0.0,0.0,0.0,0.0,0.0,B001236,R
28,28,28,Mike Braun,S8IN00171,0.0,0.0,0.0,0.0,784490.63,0.0,B001310,R
29,29,29,Sherrod Brown,H2OH13033,0.0,0.0,0.0,0.0,0.0,0.0,B000944,D
30,30,30,Richard Burr,S4NC00089,2721777.0,0.0,0.0,3942675.0,0.0,0.0,B001135,R
31,31,31,Maria Cantwell,S8WA00194,0.0,57400.0,0.0,0.0,26652.47,0.0,C000127,D
32,32,32,Shelley Capito,H0WV02138,747129.67,1194202.91,0.0,0.0,0.0,0.0,C001047,R
33,33,33,Benjamin Cardin,H6MD03177,0.0,0.0,0.0,0.0,0.0,0.0,C000141,D
34,34,34,Thomas Carper,S8DE00079,0.0,2106925.0,0.0,0.0,1896543.64,0.0,C000174,D
35,35,35,Bob Casey,S6PA00217,0.0,2399399.0,0.0,0.0,2665280.27,0.0,C001070,D
36,36,36,Bill Cassidy,H8LA00017,438017.48,713615.77,224850.0,0.0,0.0,0.0,C001075,R
37,37,37,Susan Collins,S6ME00159,0.0,0.0,2137046.0,0.0,0.0,2520768.36,C001035,R
38,38,38,Christopher Coons,S0DE00092,943322.0,0.0,1688797.0,0.0,0.0,2006137.0,C001088,D
39,39,39,John Cornyn,S2TX00106,0.0,0.0,3348163.0,0.0,0.0,2616288.43,C001056,R
40,40,40,Catherine Cortez Masto,S6NV00200,0.0,0.0,0.0,1151754.28,0.0,0.0,C001113,D
41,41,41,Tom Cotton,H2AR04083,0.0,466742.57,380683.95,0.0,0.0,0.0,C001095,R
42,42,42,Michael Crapo,S8ID00027,1846761.0,0.0,0.0,2294342.0,0.0,0.0,C000880,R
43,43,43,Ted Cruz,S2TX00312,0.0,1258915.0,0.0,0.0,1281824.02,0.0,C001098,R
44,44,44,Steve Daines,S2MT00096,0.0,428708.02,1913580.54,64750.0,0.0,3311718.58,D000618,R
45,45,45,Richard Durbin,S6IL00151,0.0,0.0,1784733.0,0.0,0.0,1657971.25,D000563,D
46,46,46,Michael Enzi,S6WY00126,0.0,0.0,1797275.0,0.0,0.0,0.0,E000285,R
47,47,47,Joni Ernst,S4IA00129,0.0,0.0,1370721.14,0.0,0.0,2721658.53,E000295,R
48,48,48,Dianne Feinstein,S0CA00199,0.0,1685011.0,0.0,0.0,1494112.0,0.0,F000062,D
49,49,49,Deb Fischer,S2NE00094,0.0,1126100.0,0.0,0.0,1871393.0,0.0,F000463,R
50,50,50,Cory Gardner,S4CO00395,0.0,0.0,2209288.0,0.0,0.0,2806812.74,G000562,R
51,51,51,Kirsten Gillibrand,H6NY20167,0.0,0.0,0.0,0.0,0.0,0.0,G000555,D
52,52,52,Lindsey Graham,S0SC00149,0.0,0.0,1709432.0,0.0,0.0,2420931.63,G000359,R
53,53,53,Charles Grassley,S0IA00028,2598405.0,0.0,0.0,2560107.0,0.0,0.0,G000386,R
54,54,54,Kamala Harris,S6CA00584,0.0,0.0,0.0,865472.0,0.0,0.0,H001075,D
55,55,55,Margaret Hassan,S6NH00091,0.0,0.0,0.0,956373.0,0.0,0.0,H001076,D
56,56,56,Joshua Hawley,S8MO00160,0.0,0.0,0.0,0.0,1120241.1,0.0,H001089,R
57,57,57,Martin Heinrich,H8NM01224,980798.6,980799.0,0.0,0.0,0.0,0.0,H001046,D
58,58,58,Mazie Hirono,H6HI02251,445718.0,445718.0,0.0,0.0,0.0,0.0,H001042,D
59,59,59,John Hoeven,S0ND00093,1237603.0,0.0,0.0,1361856.0,0.0,0.0,H001061,R
60,60,60,Cindy Hyde-Smith,S8MS00261,0.0,0.0,0.0,0.0,1520323.45,1164616.0,H001079,R
61,61,61,James Inhofe,S4OK00083,0.0,0.0,1267714.0,0.0,0.0,1633650.0,I000024,R
62,62,62,Johnny Isakson,S6GA00119,2338047.0,0.0,0.0,2788946.0,0.0,0.0,I000055,R
63,63,63,Ron Johnson,S0WI00197,805777.0,0.0,0.0,2219078.0,340050.0,0.0,J000293,R
64,64,64,Doug Jones,S0AL00156,0.0,0.0,0.0,0.0,875252.0,1943850.37,J000300,D
65,65,65,Tim Kaine,S2VA00142,0.0,1259445.0,0.0,0.0,2083252.36,0.0,K000384,D
66,66,66,John Kennedy,S4LA00065,0.0,0.0,0.0,1016358.0,0.0,0.0,K000393,R
67,67,67,Angus King,S2ME00109,0.0,435728.0,0.0,0.0,1204659.49,0.0,K000383,ID
68,68,68,Amy Klobuchar,S6MN00267,0.0,1938431.0,0.0,0.0,1493360.13,0.0,K000367,D
69,69,69,James Lankford,H0OK05114,185768.0,363674.87,177975.0,0.0,0.0,0.0,L000575,R
70,70,70,Patrick Leahy,S4VT00017,1008886.0,0.0,0.0,1298473.0,0.0,0.0,L000174,D
71,71,71,Mike Lee,S0UT00165,438370.0,0.0,0.0,941170.0,0.0,0.0,L000577,R
72,72,72,Kelly Loeffler,S0GA00526,0.0,0.0,0.0,0.0,0.0,838870.86,L000594,R
73,73,73,Joe Manchin,S0WV00090,1144835.0,2034918.0,0.0,0.0,2206439.91,0.0,M001183,D
74,74,74,Edward Markey,H6MA07101,676364.96,434228.25,0.0,0.0,0.0,0.0,M000133,D
75,75,75,Mitch McConnell,S2KY00012,0.0,0.0,3806660.0,0.0,0.0,3597747.57,M000355,R
76,76,76,Robert Menendez,H2NJ13075,0.0,0.0,0.0,0.0,0.0,0.0,M000639,D
77,77,77,Jeff Merkley,S8OR00207,0.0,0.0,1435689.0,0.0,0.0,601018.86,M001176,D
78,78,78,Jerry Moran,H6KS01096,0.0,0.0,0.0,0.0,0.0,0.0,M000934,R
79,79,79,Lisa Murkowski,S4AK00099,1772682.0,0.0,0.0,1842813.0,0.0,0.0,M001153,R
80,80,80,Christopher Murphy,H6CT05124,1015449.0,1015450.0,0.0,0.0,0.0,0.0,M001169,D
81,81,81,Patty Murray,S2WA00189,2360201.0,0.0,0.0,2808166.0,0.0,0.0,M001111,D
82,82,82,Rand Paul,S0KY00156,0.0,0.0,0.0,878600.0,0.0,0.0,P000603,R
83,83,83,David Perdue,S4GA11285,0.0,0.0,1348551.0,0.0,0.0,2428520.0,P000612,R
84,84,84,Gary Peters,S4MI00355,0.0,0.0,2147903.0,0.0,0.0,3068209.52,P000595,D
85,85,85,Rob Portman,S0OH00133,2018764.0,0.0,0.0,4134430.0,0.0,0.0,P000449,R
86,86,86,Jack Reed,S6RI00163,0.0,0.0,1655112.0,0.0,0.0,1480937.0,R000122,D
87,87,87,Jim Risch,S8ID00092,0.0,0.0,899385.0,0.0,0.0,1160761.73,R000584,R
88,88,88,Pat Roberts,S6KS00080,0.0,0.0,3085837.0,0.0,0.0,0.0,R000307,R
89,89,89,Mitt Romney,S8UT00176,0.0,0.0,0.0,0.0,0.0,0.0,R000615,R
90,90,90,Mike Rounds,S4SD00049,0.0,0.0,1471505.0,0.0,0.0,1490350.0,R000605,R
91,91,91,Marco Rubio,S0FL00338,1260653.0,0.0,0.0,2237239.0,0.0,0.0,R000595,R
92,92,92,Bernard Sanders,H8VT01016,0.0,0.0,0.0,0.0,0.0,0.0,S000033,ID
93,93,93,Ben Sasse,S4NE00090,0.0,0.0,1087842.0,0.0,0.0,1572850.0,S001197,R
94,94,94,Brian Schatz,S4HI00136,0.0,0.0,1243650.0,1556328.0,0.0,0.0,S001194,D
95,95,95,Charles Schumer,S8NY00082,2905309.0,0.0,0.0,3479053.0,0.0,0.0,S000148,D
96,96,96,Rick Scott,S8FL00273,0.0,0.0,0.0,0.0,981797.67,0.0,S001217,R
97,97,97,Tim Scott,H0SC01279,386289.12,738714.27,0.0,0.0,0.0,0.0,S001184,R
98,98,98,Jeanne Shaheen,S0NH00219,0.0,0.0,2064960.0,0.0,0.0,2070597.51,S001181,D
99,99,99,Richard Shelby,S6AL00013,1671200.0,0.0,0.0,1596350.0,0.0,0.0,S000320,R
100,100,100,Tina Smith,S8MN00578,0.0,0.0,0.0,0.0,1500307.13,2431715.38,S001203,D
101,101,101,Debbie Stabenow,S8MI00281,0.0,2769276.0,0.0,0.0,2876406.51,0.0,S000770,D
102,102,102,Dan Sullivan,S4AK00214,0.0,0.0,830247.0,90500.0,0.0,1903366.97,S001198,R
103,103,103,Jon Tester,S6MT00162,0.0,2313463.0,0.0,0.0,2417939.0,0.0,T000464,D
104,104,104,John Thune,S2SD00068,2012281.0,0.0,0.0,2385972.0,0.0,0.0,T000250,R
105,105,105,Thom Tillis,S4NC00162,0.0,0.0,1160612.0,0.0,0.0,3510847.39,T000476,R
106,106,106,Patrick Toomey,S4PA00121,1621776.0,0.0,0.0,3788903.0,0.0,0.0,T000461,R
107,107,107,Tom Udall,H8NM03097,0.0,0.0,0.0,0.0,0.0,0.0,U000039,D
108,108,108,Mark Warner,S6VA00093,0.0,0.0,2811309.0,0.0,0.0,2495949.0,W000805,D
109,109,109,Elizabeth Warren,S2MA00170,0.0,673560.0,0.0,0.0,349378.0,0.0,W000817,D
110,110,110,Sheldon Whitehouse,S6RI00221,0.0,1018257.0,0.0,0.0,1052710.53,0.0,W000802,D
111,111,111,Roger Wicker,H4MS01078,0.0,0.0,0.0,0.0,0.0,0.0,W000437,R
112,112,112,Ron Wyden,S6OR00110,1788256.0,0.0,0.0,2160941.0,0.0,0.0,W000779,D
113,113,113,Brad Ashford,H4NE02054,0.0,0.0,275453.18,1269094.27,170500.0,0.0,A000373,D
114,114,114,Dan Benishek,H0MI01088,501166.17,1110997.16,1035693.63,329000.0,0.0,0.0,B001271,R
115,115,115,Charles Boustany,H4LA07029,0.0,0.0,0.0,895172.62,0.0,0.0,B001255,R
116,116,116,Corrine Brown,S0FL00403,51234.0,0.0,0.0,0.0,0.0,0.0,B000911,D
117,117,117,Lois Capps,H8CA22089,417755.8,1132703.11,1007160.0,0.0,0.0,0.0,C001036,D
118,118,118,John Carney,H0DE01017,661671.03,856374.85,842754.77,189150.0,0.0,0.0,C001083,D
119,119,119,Curt Clawson,H4FL19074,0.0,0.0,48250.0,5000.0,0.0,0.0,C001102,R
120,120,120,Ander Crenshaw,H0FL04066,237458.95,302466.82,736989.65,756698.36,0.0,0.0,C001045,R
121,121,121,Robert Dold,H0IL10302,443581.96,1378546.29,687939.81,2284266.41,0.0,0.0,D000613,R
122,122,122,Tammy Duckworth,H6IL06141,0.0,727990.9,965438.64,0.0,0.0,0.0,D000622,D
123,123,123,Donna Edwards,H6MD04183,331715.95,446507.4,395900.0,0.0,0.0,0.0,E000290,D
124,124,124,Renee Ellmers,H0NC02059,44000.0,597024.24,1292580.61,1090608.02,0.0,0.0,E000291,R
125,125,125,Sam Farr,H4CA17021,396116.33,405556.84,419377.92,134469.63,0.0,0.0,F000030,D
126,126,126,Stephen Fincher,H0TN08246,519032.96,886585.52,814130.42,467200.0,0.0,0.0,F000458,R
127,127,127,Michael Fitzpatrick,H4PA08074,419831.11,1087851.92,1174469.15,0.0,0.0,0.0,F000451,R
128,128,128,John Fleming,H8LA04225,385302.36,321363.1,298975.0,177500.0,0.0,0.0,F000456,R
129,129,129,J. Forbes,H2VA04052,311675.0,382294.42,471354.0,493916.32,0.0,0.0,F000445,R
130,130,130,Scott Garrett,H8NJ05052,766531.22,1009260.81,971050.0,746457.51,0.0,0.0,G000548,R
131,131,131,Chris Gibson,H0NY20095,249662.7,1097681.24,1479129.1,0.0,0.0,0.0,G000564,R
132,132,132,Gwen Graham,H4FL02062,0.0,0.0,686445.42,793597.0,0.0,0.0,G000575,D
133,133,133,Alan Grayson,H6FL08213,711532.97,230366.83,292675.0,37000.0,24778.8,5600.0,G000556,D
134,134,134,Frank Guinta,H0NH01217,340519.87,870906.96,528884.69,784126.16,0.0,0.0,G000570,R
135,135,135,Janice Hahn,H8CA36097,0.0,876029.79,512032.45,0.0,0.0,0.0,H001063,D
136,136,136,Richard Hanna,H8NY24066,215752.61,574778.4,604980.86,264421.63,0.0,0.0,H001051,R
137,137,137,Cresent Hardy,H4NV04017,0.0,0.0,62309.6,890945.0,0.0,0.0,H001070,R
138,138,138,Joe Heck,H0NV03058,507686.91,1059604.22,1078202.13,406402.1,0.0,0.0,H001055,R
139,139,139,Rubén Hinojosa,H6TX15055,291750.0,312800.0,355500.0,52000.0,0.0,0.0,H000636,D
140,140,140,Michael Honda,H0CA15148,343762.89,340460.54,873350.36,757945.33,0.0,0.0,H001034,D
141,141,141,Tim Huelskamp,H6KS01146,238948.0,428923.04,218550.0,177520.43,2985.0,0.0,H001057,R
142,142,142,Robert Hurt,H0VA05095,681410.84,907309.54,689008.45,325750.0,0.0,0.0,H001060,R
143,143,143,Steve Israel,H0NY02085,761640.25,1095074.0,1336490.26,529610.47,0.0,0.0,I000057,D
144,144,144,David Jolly,H4FL13101,0.0,0.0,831506.98,620231.75,0.0,0.0,J000296,R
145,145,145,John Kline,H8MN06047,0.0,1048750.0,1218473.12,283250.0,0.0,0.0,K000363,R
146,146,146,Cynthia Lummis,H8WY00148,405240.95,358640.0,304850.0,61000.0,0.0,0.0,L000571,R
147,147,147,Jim McDermott,H8WA07132,267758.16,302871.63,425550.0,167700.0,0.0,0.0,M000404,D
148,148,148,John Mica,H2FL08055,716399.01,1094247.55,466725.0,866028.19,0.0,0.0,M000689,R
149,149,149,Jeff Miller,H2FL01100,280448.85,377359.34,387300.0,360713.9,0.0,0.0,M001144,R
150,150,150,Candice Miller,H6MI12181,483485.1,448450.0,511317.54,0.0,0.0,0.0,M001150,R
151,151,151,Patrick Murphy,H2FL22072,0.0,493184.1,1488988.93,761200.0,0.0,0.0,M001191,D
152,152,152,Randy Neugebauer,H4TX19102,580845.36,858979.64,1017030.48,206000.0,0.0,0.0,N000182,R
153,153,153,Richard Nugent,H0FL05139,262527.56,339704.41,211830.83,45225.0,0.0,0.0,N000185,R
154,154,154,Pedro Pierluisi,H8PR00062,0.0,129250.0,0.0,33850.0,0.0,0.0,P000596,D
155,155,155,Joe Pitts,H6PA16197,465507.7,1016335.25,1042620.0,381500.0,0.0,0.0,P000373,R
156,156,156,Charles Rangel,H6NY19029,1020500.0,459941.6,469200.0,0.0,0.0,0.0,R000053,D
157,157,157,Reid Ribble,H0WI08075,274900.0,1098737.99,780300.84,365200.0,0.0,0.0,R000587,R
158,158,158,Scott Rigell,H0VA02084,309770.0,639930.13,588947.48,173755.0,0.0,0.0,R000589,R
159,159,159,Matt Salmon,H2AZ06130,0.0,0.0,0.0,0.0,0.0,0.0,S000018,R
160,160,160,Loretta Sánchez,H6CA46033,889447.98,723726.89,618372.14,142050.0,0.0,0.0,S000030,D
161,161,161,Marlin Stutzman,S0IN00095,12050.0,0.0,0.0,339237.0,0.0,0.0,S001188,R
162,162,162,Mark Takai,H4HI01134,0.0,0.0,457752.43,527614.48,0.0,0.0,T000473,D
163,163,163,Chris Van Hollen,H2MD08126,871965.1,754498.54,713318.73,0.0,0.0,0.0,V000128,D
164,164,164,Lynn Westmoreland,H4GA08067,340831.4,608375.56,618097.92,274130.47,0.0,0.0,W000796,R
165,165,165,Edward Whitfield,H4KY01040,803480.82,1353450.0,1461956.7,379610.0,0.0,0.0,W000413,R
166,166,166,Todd Young,H0IN09070,223358.41,364944.96,787499.08,379850.0,0.0,0.0,Y000064,R
167,167,167,Lou Barletta,H2PA11098,318591.78,606969.92,599994.21,710333.9,82022.13,0.0,B001269,R
168,168,168,Joe Barton,H4TX06117,1175517.27,754042.44,634530.84,730552.98,180107.79,0.0,B000213,R
169,169,169,Xavier Becerra,H2CA30143,1105550.0,1238128.77,1172696.86,1137093.47,0.0,0.0,B000287,D
170,170,170,Mike Bishop,H4MI08135,0.0,0.0,474017.35,909834.23,1798788.72,0.0,B001293,R
171,171,171,Diane Black,H0TN06257,380600.62,1178330.74,910419.93,1091898.66,115000.0,0.0,B001273,R
172,172,172,Marsha Blackburn,H2TN06030,858546.36,1130803.17,1222912.59,1282360.8,222157.36,0.0,B001243,R
173,173,173,Rod Blum,H2IA01055,0.0,0.0,212729.9,679422.28,611371.89,0.0,B001294,R
174,174,174,Madeleine Bordallo,H2GU00033,27900.0,0.0,27500.0,55750.0,39975.0,0.0,B001245,D
175,175,175,Robert Brady,H8PA01153,270910.0,339490.0,343000.0,363900.0,113900.0,0.0,B001227,D
176,176,176,David Brat,H4VA07143,0.0,0.0,181625.45,169794.56,455904.15,0.0,B001290,R
177,177,177,Jim Bridenstine,H2OK01143,0.0,210646.75,249963.34,273385.85,0.0,0.0,B001283,R
178,178,178,Michael Capuano,H8MA08071,378337.12,471500.0,553304.47,522850.0,780686.65,0.0,C001037,D
179,179,179,Jason Chaffetz,H8UT03089,370384.19,424938.14,573322.7,790301.17,0.0,0.0,C001076,R
180,180,180,Mike Coffman,H8CO06138,286870.19,997856.5,1396498.34,1322973.15,1295950.0,0.0,C001077,R
181,181,181,Barbara Comstock,H4VA10089,0.0,0.0,869083.05,1930020.0,1835635.38,0.0,C001105,R
182,182,182,John Conyers,H6MI01028,579403.04,631777.23,584435.98,439746.27,120000.0,0.0,C000714,D
183,183,183,Ryan Costello,H0PA06076,1000.0,0.0,881826.37,1474599.1,1043749.7,0.0,C001106,R
184,184,184,Kevin Cramer,H0ND01026,0.0,333050.0,531051.0,871500.0,844175.0,0.0,C001096,R
185,185,185,Joseph Crowley,H8NY07046,1379824.75,1626418.4,1697994.27,1650758.09,1750095.23,0.0,C001038,D
186,186,186,John Culberson,H0TX07055,339320.52,379398.42,313814.42,567001.44,1432798.71,0.0,C001048,R
187,187,187,Carlos Curbelo,H4FL26038,0.0,0.0,431894.91,1813565.92,2411313.89,0.0,C001107,R
188,188,188,John Delaney,H2MD06195,0.0,381289.8,666576.0,680850.0,56000.0,0.0,D000620,D
189,189,189,Jeffrey Denham,H0CA19173,379140.2,1167433.27,1378843.31,2053896.36,2525861.72,0.0,D000612,R
190,190,190,Charlie Dent,H4PA15087,1092300.0,817613.59,907927.66,1037404.99,143000.0,0.0,D000604,R
191,191,191,Ron DeSantis,H2FL00292,0.0,236700.0,459075.0,513010.38,0.0,0.0,D000621,R
192,192,192,Daniel Donovan,H6NY11174,0.0,0.0,0.0,799883.19,1077087.33,0.0,D000625,R
193,193,193,John Duncan,H8TN02069,396063.79,471748.88,340000.0,254231.1,2000.0,0.0,D000533,R
194,194,194,Keith Ellison,H6MN05183,338592.35,378450.0,350094.25,347350.0,154500.0,0.0,E000288,D
195,195,195,Elizabeth Esty,H2CT05131,0.0,394461.88,1009712.0,639953.89,500309.81,0.0,E000293,D
196,196,196,Blake Farenthold,H0TX27061,61481.2,462269.13,437214.29,506466.77,165500.0,0.0,F000460,R
197,197,197,John Faso,H6NY19169,0.0,0.0,0.0,496156.06,1327695.87,0.0,F000464,R
198,198,198,Trent Franks,H4AZ04024,205195.59,195578.94,206925.0,214100.0,83750.0,0.0,F000448,R
199,199,199,Rodney Frelinghuysen,H2NJ05014,466700.0,586926.49,629075.98,924020.34,616470.0,0.0,F000372,R
200,200,200,Thomas Garrett,H6VA05142,0.0,0.0,0.0,278449.09,299700.0,0.0,G000580,R
201,201,201,Jenniffer González-Colón,H6PR00082,0.0,0.0,0.0,49356.5,0.0,67550.0,G000582,R
202,202,202,Robert Goodlatte,H2VA06115,544168.94,968198.34,1271384.35,1006283.85,285150.0,0.0,G000289,R
203,203,203,Trey Gowdy,H0SC04257,197436.85,437253.57,432558.9,303000.0,105990.43,0.0,G000566,R
204,204,204,Gene Green,H2TX29030,818397.47,823950.0,811552.24,1282583.44,389250.0,0.0,G000410,D
205,205,205,Luis Gutiérrez,H2IL08039,269517.18,248138.61,204725.0,332817.9,17000.0,0.0,G000535,D
206,206,206,Colleen Hanabusa,H2HI02110,689673.77,486437.25,54500.0,304116.87,35200.0,0.0,H001050,D
207,207,207,Karen Handel,H8GA06286,0.0,0.0,0.0,0.0,1554176.21,428050.0,H001078,R
208,208,208,Gregg Harper,H8MS03067,218401.6,425600.0,535100.0,551080.0,204400.0,0.0,H001045,R
209,209,209,Jeb Hensarling,H2TX05121,689459.72,1473797.0,1524898.0,1256110.44,447250.0,0.0,H001036,R
210,210,210,Randy Hultgren,H0IL14080,364091.62,611247.75,791652.3,868382.71,1406800.92,0.0,H001059,R
211,211,211,Darrell Issa,H0CA48024,699510.41,863038.02,719488.64,870024.85,345400.0,0.0,I000056,R
212,212,212,Evan Jenkins,S8WV00127,0.0,0.0,0.0,0.0,381560.0,0.0,J000297,R
213,213,213,Lynn Jenkins,H8KS02090,686742.63,1044282.84,1649259.29,1371972.0,0.0,0.0,J000290,R
214,214,214,Sam Johnson,H2TX03118,608565.57,678110.0,545482.44,816076.23,0.0,0.0,J000174,R
215,215,215,Ruben Kihuen,H2NV00050,0.0,23000.0,0.0,613767.41,418937.01,0.0,K000390,D
216,216,216,Steve Knight,H4CA25123,0.0,0.0,18650.0,1032743.66,1299893.91,50695.0,K000387,R
217,217,217,Raúl Labrador,H0ID01253,149761.23,338233.7,215350.0,218850.0,35000.0,0.0,L000573,R
218,218,218,Leonard Lance,H6NJ12136,696927.71,698877.72,629622.53,694659.79,1187190.75,0.0,L000567,R
219,219,219,Sander Levin,H2MI17023,1394016.34,1276317.52,1094839.37,1038880.0,80250.0,0.0,L000263,D
220,220,220,Jason Lewis,H6MN02149,0.0,0.0,0.0,272712.5,1152827.49,0.0,L000587,R
221,221,221,Frank LoBiondo,H2NJ02037,643427.05,772315.0,1343243.25,1147307.12,274750.0,0.0,L000554,R
222,222,222,Mia Love,H2UT04023,0.0,399100.0,458801.6,1039796.59,1109115.33,0.0,L000584,R
223,223,223,Michelle Lujan Grisham,H8NM01257,0.0,513160.0,794534.41,814675.0,0.0,0.0,L000580,D
224,224,224,Tom MacArthur,H4NJ03130,0.0,0.0,270227.97,882444.25,1428162.24,0.0,M001193,R
225,225,225,Martha McSally,H2AZ08102,0.0,305689.26,523923.07,1436880.62,504260.96,0.0,M001197,R
226,226,226,Pat Meehan,H0PA07082,878645.39,1241184.23,1135122.66,1552902.01,874810.0,0.0,M001181,R
227,227,227,Luke Messer,H0IN02125,9000.0,324350.0,0.0,1113729.49,401000.0,0.0,M001189,R
228,228,228,Mick Mulvaney,H0SC05031,261910.0,411823.45,702258.85,684520.02,0.0,0.0,M001182,R
229,229,229,Tim Murphy,H2PA18143,1037775.17,1243752.62,1145423.65,986157.99,74143.2,0.0,M001151,R
230,230,230,Kristi Noem,H0SD00054,259777.9,973985.0,812651.31,1166887.0,0.0,0.0,N000184,R
231,231,231,Rick Nolan,H2MN08111,0.0,420654.36,952889.98,1149756.94,317328.48,0.0,N000127,D
232,232,232,Eleanor Norton,H0DC00058,218150.0,178500.0,282400.0,243000.0,316700.0,301300.0,N000147,D
233,233,233,Beto O'Rourke,S8TX00285,0.0,0.0,0.0,0.0,83441.3,0.0,O000170,D
234,234,234,Erik Paulsen,H8MN03077,841069.76,1200882.57,1386403.06,2439231.15,2887337.56,0.0,P000594,R
235,235,235,Steve Pearce,H2NM02126,465405.14,440056.43,501073.54,487212.1,0.0,0.0,P000588,R
236,236,236,Robert Pittenger,H2NC09134,0.0,226906.35,475106.8,568610.0,730777.21,0.0,P000606,R
237,237,237,Stacey Plaskett,H2VI00082,0.0,0.0,1000.0,153349.52,211832.14,268574.64,P000610,D
238,238,238,Ted Poe,H4TX02108,252050.0,368700.0,369137.07,386710.44,138000.0,0.0,P000592,R
239,239,239,Bruce Poliquin,S2ME00158,0.0,5000.0,0.0,0.0,0.0,0.0,P000611,R
240,240,240,Jared Polis,H8CO02137,2000.0,1000.0,1000.0,0.0,0.0,0.0,P000598,D
241,241,241,Mike Pompeo,H0KS04051,294480.0,754250.0,1275282.96,906797.75,0.0,0.0,P000602,R
242,242,242,Tom Price,H4GA06087,938869.25,1201354.88,1195169.21,1332123.53,0.0,0.0,P000591,R
243,243,243,Amata Radewagen,H4AS00036,0.0,5000.0,0.0,13457.95,35900.0,21400.0,R000600,R
244,244,244,Dave Reichert,H4WA08071,1183188.84,795680.0,713890.89,1000029.5,116500.0,0.0,R000578,R
245,245,245,Jim Renacci,H0OH16097,378880.0,1548882.41,1153238.17,1399418.29,0.0,0.0,R000586,R
246,246,246,Dana Rohrabacher,H8CA42061,98350.0,62325.0,29975.0,46357.0,344189.07,0.0,R000409,R
247,247,247,Todd Rokita,H0IN04170,291238.25,491600.0,502886.6,527221.69,112400.0,0.0,R000592,R
248,248,248,Tom Rooney,H8FL16022,531029.99,504199.51,393322.66,489822.49,209750.0,0.0,R000583,R
249,249,249,Ileana Ros-Lehtinen,H0FL18025,478400.0,610850.0,391733.13,610289.36,159450.0,0.0,R000435,R
250,250,250,Jacky Rosen,S8NV00156,0.0,0.0,0.0,0.0,1271587.3,0.0,R000608,D
251,251,251,Peter Roskam,H6IL06117,1065424.69,1606913.38,1886052.46,1572997.08,3124389.63,0.0,R000580,R
252,252,252,Dennis Ross,H0FL12101,517218.0,557224.11,956490.14,931107.99,470831.15,0.0,R000593,R
253,253,253,Keith Rothfus,H0PA04220,94700.0,478925.0,821857.75,572844.0,1262867.5,0.0,R000598,R
254,254,254,Edward Royce,H6CA39020,725893.98,958824.82,1117556.33,1297894.5,529300.0,0.0,R000487,R
255,255,255,Steve Russell,H4OK05132,0.0,0.0,201450.0,406054.12,567350.0,0.0,R000604,R
256,256,256,Paul Ryan,H8WI01024,1244287.05,1247900.0,2283814.3,1532241.7,311700.0,0.0,R000570,R
257,257,257,Gregorio Sablan,H8MP00041,7500.0,36808.02,8500.0,3500.0,62500.0,39500.0,S001177,D
258,258,258,Mark Sanford,H4SC01073,0.0,0.0,204179.91,249450.0,264985.0,0.0,S000051,R
259,259,259,Pete Sessions,H2TX03126,1031526.4,1087926.92,1266431.86,1254854.96,2211874.86,535090.75,S000250,R
260,260,260,Carol Shea-Porter,H6NH01230,495993.8,500745.76,563649.54,491847.13,46000.0,0.0,S001170,D
261,261,261,Bill Shuster,H2PA09035,499299.73,919344.78,2146532.53,0.0,716650.0,0.0,S001154,R
262,262,262,Kyrsten Sinema,H2AZ09019,0.0,371319.44,1380005.75,1862584.06,367713.5,0.0,S001191,D
263,263,263,Louise Slaughter,H6NY03031,507573.76,1069091.03,611775.0,709207.36,281150.0,0.0,S000480,D
264,264,264,Lamar Smith,H6TX21012,653316.1,916560.83,761258.06,805981.4,237040.0,0.0,S000583,R
265,265,265,Scott Taylor,H0VA02118,0.0,0.0,0.0,307699.95,1016760.61,267000.0,T000477,R
266,266,266,Claudia Tenney,H4NY22051,0.0,0.0,3133.6,319585.0,1370420.95,441700.0,T000478,R
267,267,267,Pat Tiberi,H0OH12062,1729416.92,2022849.4,2109892.32,2860606.43,1457650.0,0.0,T000462,R
268,268,268,Dave Trott,H4MI11097,0.0,0.0,239980.08,392721.13,58700.0,0.0,T000475,R
269,269,269,Niki Tsongas,H8MA05143,357600.0,329673.32,305275.0,388674.8,35500.0,0.0,T000465,D
270,270,270,David Valadao,H2CA20094,0.0,574499.79,1290642.17,1520665.37,1530216.93,634109.0,V000129,R
271,271,271,Mimi Walters,H4CA45097,0.0,0.0,592505.79,1020300.0,1988180.45,0.0,W000820,R
272,272,272,Tim Walz,H6MN01174,751770.65,780172.66,669262.5,773720.0,0.0,0.0,W000799,D
273,273,273,Kevin Yoder,H0KS03137,566347.15,556057.69,894537.09,1698322.07,2366082.75,0.0,Y000063,R
274,274,274,David Young,S4IA00103,0.0,0.0,669336.28,0.0,0.0,0.0,Y000066,R
275,275,275,Ryan Zinke,H4MT01041,0.0,0.0,409911.54,781854.0,0.0,0.0,Z000018,R
276,276,276,Ralph Abraham,H4LA05221,0.0,0.0,20000.0,306995.86,431200.0,26500.0,A000374,R
277,277,277,Alma Adams,H4NC12100,0.0,0.0,307830.67,615303.45,458227.29,600165.0,A000370,D
278,278,278,Robert Aderholt,H6AL04098,277995.0,613000.0,749828.84,953802.12,1066544.15,738300.0,A000055,R
279,279,279,Pete Aguilar,H2CA31125,0.0,133250.0,677942.37,1124135.02,1006043.34,1089524.5,A000371,D
280,280,280,Rick Allen,H2GA12121,0.0,17000.0,237740.65,505675.0,409492.0,343250.0,A000372,R
281,281,281,Colin Allred,H8TX32098,0.0,0.0,0.0,0.0,469225.78,917587.44,A000376,D
282,282,282,Justin Amash,H0MI03126,174468.0,184550.0,124750.0,36200.0,43250.0,23366.93,A000367,R
283,283,283,Mark Amodei,H2NV02395,0.0,664645.94,336550.0,398534.08,568046.38,379100.0,A000369,R
284,284,284,Kelly Armstrong,H8ND00096,0.0,0.0,0.0,0.0,482544.24,733023.31,A000377,R
285,285,285,Jodey Arrington,H6TX19099,0.0,0.0,0.0,398510.44,499077.73,1207371.38,A000375,R
286,286,286,Cynthia Axne,H8IA03124,0.0,0.0,0.0,0.0,458966.96,1241119.66,A000378,D
287,287,287,Brian Babin,H6TX02079,0.0,0.0,367115.42,546295.0,557105.0,586776.67,B001291,R
288,288,288,Don Bacon,H6NE02125,0.0,0.0,0.0,547450.0,1184206.98,1450810.0,B001298,R
289,289,289,James Baird,H8IN04199,0.0,0.0,0.0,0.0,158750.0,221475.0,B001307,R
290,290,290,Troy Balderson,H8OH12180,0.0,0.0,0.0,0.0,1021987.15,1018711.72,B001306,R
291,291,291,Jim Banks,H6IN03229,0.0,0.0,0.0,361985.0,540010.4,676025.01,B001299,R
292,292,292,Andy Barr,H0KY06104,173898.46,436334.08,1106515.62,1137173.9,2052448.9,1988403.92,B001282,R
293,293,293,Nanette Barragán,H6CA44103,0.0,0.0,0.0,226010.43,557133.25,629700.02,B001300,D
294,294,294,Karen Bass,H0CA33117,358350.0,442998.27,460250.0,374494.25,390350.0,836471.99,B001270,D
295,295,295,Joyce Beatty,H2OH03125,0.0,407625.0,641934.04,850822.0,822226.33,1545210.61,B001281,D
296,296,296,Ami Bera,H0CA03078,432288.18,703190.09,1441271.53,1406340.82,1193555.0,864309.23,B001287,D
297,297,297,Jack Bergman,H6MI01226,0.0,0.0,0.0,379871.93,705247.04,685799.61,B001301,R
298,298,298,Donald Beyer,H4VA08224,0.0,0.0,577179.55,879886.67,757338.75,664315.07,B001292,D
299,299,299,Andy Biggs,H6AZ05083,0.0,0.0,0.0,227400.5,311427.0,363780.0,B001302,R
300,300,300,Gus Bilirakis,H6FL09070,311097.72,281600.0,662450.0,783175.0,942167.23,781650.0,B001257,R
301,301,301,Rob Bishop,H2UT01094,168450.0,241600.0,377450.0,620773.57,568700.0,0.0,B001250,R
302,302,302,Dan Bishop,H0NC09187,0.0,0.0,0.0,0.0,0.0,770542.09,B001311,R
303,303,303,Sanford Bishop,H2GA02031,835051.08,818240.42,842944.11,809811.43,900165.96,1029811.72,B000490,D
304,304,304,Earl Blumenauer,H6OR03064,794102.4,774956.68,822683.79,909427.43,932979.1,1005837.0,B000574,D
305,305,305,Lisa Blunt Rochester,H6DE00206,0.0,0.0,0.0,363892.26,911775.06,1140408.63,B001303,D
306,306,306,Suzanne Bonamici,H2OR01133,0.0,751600.13,522799.25,516908.53,546123.44,560000.0,B001278,D
307,307,307,Mike Bost,H4IL12060,0.0,0.0,458383.91,1080524.49,1429791.34,1028895.0,B001295,R
308,308,308,Brendan Boyle,H4PA13199,0.0,0.0,636765.0,715499.88,835840.0,1115719.51,B001296,D
309,309,309,Kevin Brady,H6TX08100,768845.45,1104932.18,1558724.44,3008077.73,3062477.24,2338484.0,B000755,R
310,310,310,Anthony Brindisi,H8NY22151,0.0,0.0,0.0,0.0,777632.35,1296224.99,B001308,D
311,311,311,Mo Brooks,H0AL05163,292995.13,459948.35,290300.0,260033.21,305595.0,250020.0,B001274,R
312,312,312,Susan Brooks,H2IN05082,0.0,243200.0,704459.65,891946.04,900051.79,0.0,B001284,R
313,313,313,Anthony Brown,H6MD04209,0.0,0.0,0.0,432853.65,598296.79,863876.86,B001304,D
314,314,314,Julia Brownley,H2CA00120,0.0,506108.67,1098111.79,1051601.82,906120.81,721250.0,B001285,D
315,315,315,Vern Buchanan,H6FL13148,368730.0,752375.02,658928.3,730010.1,1340467.42,1374445.0,B001260,R
316,316,316,Ken Buck,S0CO00237,498547.0,0.0,296350.0,0.0,0.0,0.0,B001297,R
317,317,317,Larry Bucshon,H0IN08114,453467.87,623567.67,533038.13,648925.0,711650.0,794500.0,B001275,R
318,318,318,Ted Budd,H6NC13129,0.0,0.0,0.0,167259.5,923174.72,807475.44,B001305,R
319,319,319,Tim Burchett,H8TN02119,0.0,0.0,0.0,0.0,108825.0,267535.0,B001309,R
320,320,320,Michael Burgess,H2TX26093,758150.0,865250.0,896793.91,984746.38,1105807.64,1000257.17,B001248,R
321,321,321,Cheri Bustos,H2IL17071,0.0,542573.31,1343898.07,1386430.35,1629412.0,2348415.47,B001286,D
322,322,322,G. Butterfield,H4NC01046,577193.66,634929.37,682007.02,907831.36,657650.0,741025.0,B001251,D
323,323,323,Bradley Byrne,H4AL01123,0.0,0.0,984850.99,843200.0,1054650.0,0.0,B001289,R
324,324,324,Ken Calvert,H2CA37023,704833.25,504238.68,631763.2,743005.49,704041.39,611550.0,C000059,R
325,325,325,Salud Carbajal,H6CA24303,0.0,0.0,0.0,623624.48,761728.08,637087.77,C001112,D
326,326,326,Tony Cárdenas,H2CA28113,0.0,382350.0,457809.36,1011139.8,911448.6,1005350.0,C001097,D
327,327,327,André Carson,H8IN07184,429576.9,496255.36,563637.78,593379.23,531350.0,448450.0,C001072,D
328,328,328,John Carter,H2TX31044,370384.04,433432.85,508967.32,614480.1,995746.15,919050.0,C001051,R
329,329,329,Buddy Carter,H4GA01039,0.0,0.0,431582.11,664737.61,1138343.33,1203934.0,C001103,R
330,330,330,Matt Cartwright,H2PA17079,0.0,204639.38,338840.0,436072.07,1039448.61,1151512.14,C001090,D
331,331,331,Ed Case,H2HI02128,18700.0,0.0,0.0,0.0,0.0,403562.0,C001055,D
332,332,332,Sean Casten,H8IL06139,0.0,0.0,0.0,0.0,441793.54,976040.51,C001117,D
333,333,333,Kathy Castor,H6FL11126,372865.17,447482.55,395700.0,424750.0,398535.1,495835.7,C001066,D
334,334,334,Joaquín Castro,H2TX35011,0.0,519358.92,630414.42,641908.93,530300.0,294600.0,C001091,D
335,335,335,Steven Chabot,H8OH01043,700008.69,437337.67,374870.52,473655.0,932524.88,1213500.0,C000266,R
336,336,336,Liz Cheney,H6WY00159,0.0,0.0,0.0,276096.54,499434.17,1292490.0,C001109,R
337,337,337,Judy Chu,H0CA32101,672085.0,351235.0,372590.0,402760.0,583201.02,591600.0,C001080,D
338,338,338,David Cicilline,H0RI01073,270618.18,645731.39,361350.0,426195.0,442568.85,374720.34,C001084,D
339,339,339,Gilbert Cisneros,H8CA39174,0.0,0.0,0.0,0.0,83908.2,1017340.29,C001123,D
340,340,340,Katherine Clark,H4MA05084,0.0,0.0,427112.6,544521.58,614228.21,840480.89,C001101,D
341,341,341,Yvette Clarke,H4NY11138,353567.21,380030.0,361115.0,474524.54,632868.75,853361.72,C001067,D
342,342,342,William Clay,H0MO01066,456954.14,587903.81,489803.96,586760.5,579342.77,651971.29,C001049,D
343,343,343,Emanuel Cleaver,H4MO05234,356527.57,813340.97,725423.21,914573.78,858540.71,1020158.29,C001061,D
344,344,344,Ben Cline,H8VA06104,0.0,0.0,0.0,0.0,298812.48,361470.0,C001118,R
345,345,345,Michael Cloud,H8TX27049,0.0,0.0,0.0,0.0,199807.02,236079.55,C001115,R
346,346,346,James Clyburn,H2SC02042,2157839.64,1884201.9,1800189.18,1786161.97,1716503.76,2223932.0,C000537,D
347,347,347,Steve Cohen,H6TN09068,0.0,482821.84,467639.65,442731.87,370347.34,407087.34,C001068,D
348,348,348,Tom Cole,H2OK04055,337900.0,428452.17,573324.38,967844.97,1040296.0,978100.0,C001053,R
349,349,349,Doug Collins,H2GA09150,0.0,265300.0,430686.02,721235.45,909300.0,582852.0,C001093,R
350,350,350,Chris Collins,H8NY29032,0.0,295133.48,431600.79,770455.0,686872.06,8000.0,C001092,R
351,351,351,James Comer,H6KY01110,0.0,0.0,0.0,328601.11,428540.12,459450.0,C001108,R
352,352,352,K. Conaway,H4TX19136,421545.45,687889.5,1018135.34,1211243.77,1267622.89,258500.0,C001062,R
353,353,353,Gerald Connolly,H8VA11062,1095497.16,1026705.39,959810.0,906750.88,907496.25,855692.75,C001078,D
354,354,354,Paul Cook,H2CA08164,0.0,243738.0,453094.0,603841.19,650349.0,159000.0,C001094,R
355,355,355,Jim Cooper,H2TN05131,348005.0,358654.15,315495.0,352550.0,352500.0,430750.0,C000754,D
356,356,356,J. Correa,H6CA46116,0.0,0.0,0.0,448322.78,730212.32,846482.1,C001110,D
357,357,357,Jim Costa,H4CA20082,800085.34,704642.47,688584.51,911633.06,1064042.89,1231453.47,C001059,D
358,358,358,Joe Courtney,H2CT02112,689095.0,737544.18,806250.0,718766.06,646325.0,587250.0,C001069,D
359,359,359,TJ Cox,H8CA10167,0.0,0.0,0.0,0.0,392740.1,1148730.78,C001124,D
360,360,360,Angie Craig,H6MN02131,0.0,0.0,0.0,808462.86,825137.63,1649650.04,C001119,D
361,361,361,Rick Crawford,H0AR01083,333538.8,555787.18,483348.58,407500.0,497187.55,555335.62,C001087,R
362,362,362,Dan Crenshaw,H8TX02166,0.0,0.0,0.0,0.0,347472.17,866780.0,C001120,R
363,363,363,Charlie Crist,H6FL13205,0.0,0.0,0.0,479386.69,984370.97,720903.13,C001111,D
364,364,364,Jason Crow,H8CO06229,0.0,0.0,0.0,0.0,544541.17,758119.68,C001121,D
365,365,365,Henry Cuellar,H2TX23082,572727.42,792498.42,777817.29,968040.51,1103320.0,1485620.25,C001063,D
366,366,366,Elijah Cummings,H6MD07160,447022.72,567746.25,598307.0,619500.0,628199.0,346200.0,C000984,D
367,367,367,Joe Cunningham,H8SC01116,0.0,0.0,0.0,0.0,31000.0,192992.67,C001122,D
368,368,368,John Curtis,H8UT03238,0.0,0.0,0.0,0.0,491150.0,533467.22,C001114,R
369,369,369,Sharice Davids,H8KS03155,0.0,0.0,0.0,0.0,431469.13,1290377.6,D000629,D
370,370,370,Warren Davidson,H6OH08315,0.0,0.0,0.0,199534.09,435940.55,574255.02,D000626,R
371,371,371,Danny Davis,H4IL07037,427747.25,295760.64,486933.2,491519.52,390756.92,489652.56,D000096,D
372,372,372,Rodney Davis,H2IL13120,0.0,645797.72,2050655.67,1828745.31,2466999.61,2859533.24,D000619,R
373,373,373,Susan Davis,H0CA49055,278175.0,343970.56,292258.11,331283.33,316350.0,77500.0,D000598,D
374,374,374,Madeleine Dean,H8PA04116,0.0,0.0,0.0,0.0,487949.56,775489.43,D000631,D
375,375,375,Peter DeFazio,H6OR04047,637496.45,611805.0,627478.9,866223.95,1044919.88,2192957.53,D000191,D
376,376,376,Diana DeGette,H6CO01141,501306.8,565550.0,600248.57,721239.3,688600.0,637050.0,D000197,D
377,377,377,Rosa DeLauro,H0CT03072,756718.36,614534.07,597867.49,584172.15,601770.0,773300.01,D000216,D
378,378,378,Suzan DelBene,H0WA08046,273611.11,418561.74,1172552.99,888575.95,1118200.0,1242336.6,D000617,D
379,379,379,Antonio Delgado,H8NY19181,0.0,0.0,0.0,0.0,466936.19,612445.56,D000630,D
380,380,380,Val Demings,H2FL08063,0.0,467216.32,0.0,20500.0,588577.09,777840.0,D000627,D
381,381,381,Mark DeSaulnier,H0CA10073,151783.4,0.0,330846.2,302230.0,344100.0,398777.0,D000623,D
382,382,382,Scott DesJarlais,H0TN04195,191700.0,471178.33,141931.25,199668.0,217150.0,124249.0,D000616,R
383,383,383,Ted Deutch,H0FL19080,590413.15,367022.1,382850.0,414700.0,364950.0,292097.0,D000610,D
384,384,384,Mario Diaz-Balart,H2FL25018,378250.0,470250.0,585476.31,943881.69,1331412.97,986568.57,D000600,R
385,385,385,Debbie Dingell,H4MI12079,0.0,0.0,636941.66,587677.87,749500.0,938531.52,D000624,D
386,386,386,Lloyd Doggett,H4TX10028,355522.81,413289.55,362750.0,324400.42,435911.69,513617.81,D000399,D
387,387,387,Mike Doyle,H4PA18131,0.0,0.0,0.0,667012.12,712149.57,756749.64,D000482,D
388,388,388,Sean Duffy,H0WI07051,480545.0,1178000.96,1186272.79,1179747.98,1447650.0,255250.0,D000614,R
389,389,389,Jeffrey Duncan,H0SC03077,333706.95,433950.12,350500.0,350300.0,533371.37,641644.93,D000615,R
390,390,390,Neal Dunn,H6FL02208,0.0,0.0,0.0,366650.0,511384.17,348800.0,D000628,R
391,391,391,Tom Emmer,H4MN06087,0.0,0.0,278500.0,788730.0,1195517.16,1488300.94,E000294,R
392,392,392,Eliot Engel,H8NY19058,428344.6,463620.0,457175.0,504507.55,478276.63,468660.0,E000179,D
393,393,393,Veronica Escobar,H8TX16109,0.0,0.0,0.0,0.0,421840.11,606534.0,E000299,D
394,394,394,Anna Eshoo,H8CA12098,769648.49,676109.66,774340.3,655492.0,570050.0,997089.55,E000215,D
395,395,395,Adriano Espaillat,H2NY13096,0.0,5250.0,1000.0,193435.0,366657.75,314680.0,E000297,D
396,396,396,Ron Estes,H8KS04112,0.0,0.0,0.0,0.0,816237.7,1132978.66,E000298,R
397,397,397,Dwight Evans,H6PA02171,0.0,0.0,0.0,375534.56,425623.49,660355.61,E000296,D
398,398,398,A. Ferguson,H6GA03113,0.0,0.0,0.0,524104.84,727472.78,1452321.77,F000465,R
399,399,399,Abby Finkenauer,H8IA01094,0.0,0.0,0.0,0.0,709114.11,1324775.57,F000467,D
400,400,400,Brian Fitzpatrick,H6PA08277,0.0,0.0,0.0,817554.0,1495730.37,1806531.58,F000466,R
401,401,401,Chuck Fleischmann,H0TN03254,248918.0,556455.3,706883.35,653725.28,552219.05,451858.46,F000459,R
402,402,402,Lizzie Fletcher,H8TX07140,0.0,0.0,0.0,0.0,366178.38,1323642.96,F000468,D
403,403,403,Bill Flores,H0TX17104,297897.34,526072.09,645041.27,1109430.44,990264.04,240750.0,F000461,R
404,404,404,Jeff Fortenberry,H4NE01064,141250.0,261450.0,330171.26,335500.0,377850.0,638310.0,F000449,R
405,405,405,Bill Foster,H8IL14067,950108.66,421844.63,794378.59,761100.0,808550.0,911000.0,F000454,D
406,406,406,Virginia Foxx,H4NC05146,249722.4,311373.3,460115.58,682606.48,1053044.15,814570.0,F000450,R
407,407,407,Lois Frankel,H2FL14053,0.0,415796.78,400089.59,570498.9,477829.14,530637.86,F000462,D
408,408,408,Marcia Fudge,H8OH11141,412611.56,504377.62,772020.08,646737.69,616275.3,619217.17,F000455,D
409,409,409,Russ Fulcher,H8ID01124,0.0,0.0,0.0,0.0,254776.07,358050.0,F000469,R
410,410,410,Tulsi Gabbard,H2HI02508,0.0,364218.35,450757.0,477073.81,26737.67,0.0,G000571,D
411,411,411,Matt Gaetz,H6FL01119,0.0,0.0,0.0,230250.0,339450.0,63050.0,G000578,R
412,412,412,Mike Gallagher,H6WI08155,0.0,0.0,0.0,606126.06,903146.66,828300.0,G000579,R
413,413,413,Ruben Gallego,H4AZ07043,0.0,0.0,329828.81,519361.49,557649.86,742508.81,G000574,D
414,414,414,John Garamendi,H0CA10149,630523.74,770307.38,758091.69,634307.37,712960.3,618324.0,G000559,D
415,415,415,Sylvia Garcia,H8TX29052,0.0,0.0,0.0,0.0,553422.2,627300.0,G000587,D
416,416,416,Jesús García,H8IL04134,0.0,0.0,0.0,0.0,301115.9,415300.0,G000586,D
417,417,417,Mike Garcia,H0CA25105,0.0,0.0,0.0,0.0,0.0,895272.29,G000061,R
418,418,418,Greg Gianforte,H8MT01182,0.0,0.0,0.0,0.0,536214.4,131475.0,G000584,R
419,419,419,Bob Gibbs,H0OH18077,319045.5,815385.94,704453.17,624120.28,737638.05,584081.0,G000563,R
420,420,420,Louie Gohmert,H4TX04039,149775.0,118808.92,174414.42,106420.0,105380.0,88346.43,G000552,R
421,421,421,Jared Golden,H8ME02185,0.0,0.0,0.0,0.0,410563.32,662657.41,G000592,D
422,422,422,Jimmy Gomez,H8CA34266,0.0,0.0,0.0,0.0,770876.15,994447.19,G000585,D
423,423,423,Anthony Gonzalez,H8OH16124,0.0,0.0,0.0,0.0,486150.0,1249076.91,G000588,R
424,424,424,Vicente Gonzalez,H6TX15162,0.0,0.0,0.0,288362.0,702384.46,991559.0,G000581,D
425,425,425,Lance Gooden,H8TX05144,0.0,0.0,0.0,0.0,372370.58,854226.18,G000589,R
426,426,426,Paul Gosar,H0AZ01259,330100.0,425522.54,228550.0,291410.45,210200.0,240091.93,G000565,R
427,427,427,Josh Gottheimer,H6NJ05171,0.0,0.0,0.0,654733.97,1649869.84,1782449.41,G000583,D
428,428,428,Kay Granger,H6TX12060,569018.95,580214.07,531520.77,647904.9,798003.04,1457909.0,G000377,R
429,429,429,Tom Graves,H0GA09030,434806.49,537355.66,499200.0,808625.0,1279085.73,548250.0,G000560,R
430,430,430,Garret Graves,H4LA06153,0.0,0.0,233859.62,881967.58,976749.4,915246.26,G000577,R
431,431,431,Sam Graves,H0MO06073,770637.55,1057476.8,1065405.35,1200321.4,1385250.0,1539215.02,G000546,R
432,432,432,Al Green,H4TX09095,217050.0,159965.0,148550.0,216000.0,184840.0,244000.0,G000553,D
433,433,433,Mark Green,H8TN07076,0.0,0.0,0.0,0.0,218309.1,166900.0,G000590,R
434,434,434,Morgan Griffith,H0VA09055,265146.83,652006.93,574633.24,549554.0,634093.75,590900.0,G000568,R
435,435,435,Raúl Grijalva,H2AZ07070,555282.21,325477.97,273933.16,322203.49,283500.0,254094.54,G000551,D
436,436,436,Glenn Grothman,H4WI06048,0.0,0.0,284951.63,290845.95,654816.29,376783.88,G000576,R
437,437,437,Michael Guest,H8MS03125,0.0,0.0,0.0,0.0,277800.0,327250.0,G000591,R
438,438,438,Brett Guthrie,H8KY02031,730714.16,1111286.54,1296391.83,1460828.01,1608459.27,1183234.64,G000558,R
439,439,439,Debra Haaland,H8NM01331,0.0,0.0,0.0,0.0,351515.27,288428.22,H001080,D
440,440,440,Jim Hagedorn,H0MN01045,0.0,0.0,0.0,15000.0,369629.11,704198.16,H001088,R
441,441,441,Josh Harder,H8CA10126,0.0,0.0,0.0,0.0,350099.9,866996.27,H001090,D
442,442,442,Andy Harris,H8MD01094,426693.0,438352.5,460220.35,483658.37,559856.72,416246.46,H001052,R
443,443,443,Vicky Hartzler,H0MO04086,269919.59,546383.28,329452.54,423529.22,510585.3,505760.11,H001053,R
444,444,444,Alcee Hastings,H2FL23021,403953.83,316819.83,347494.7,364309.66,382274.16,351189.05,H000324,D
445,445,445,Jahana Hayes,H8CT05245,0.0,0.0,0.0,0.0,393814.56,653526.56,H001081,D
446,446,446,Denny Heck,H0WA03161,522449.0,780253.96,978895.67,798750.0,851450.0,351175.0,H001064,D
447,447,447,Kevin Hern,H8OK01157,0.0,0.0,0.0,0.0,337700.0,608201.0,H001082,R
448,448,448,Jaime Herrera Beutler,H0WA03187,551882.4,527131.1,572422.98,439400.0,1014969.86,1460690.21,H001056,R
449,449,449,Jody Hice,H0GA07125,2500.0,0.0,138950.0,202379.25,196320.0,191350.0,H001071,R
450,450,450,Clay Higgins,H6LA03148,0.0,0.0,0.0,58150.0,306200.0,226100.0,H001077,R
451,451,451,Brian Higgins,H4NY27076,461869.67,429648.82,324733.92,336506.14,664914.77,814785.68,H001038,D
452,452,452,Katie Hill,H8CA25074,0.0,0.0,0.0,0.0,648803.01,430551.07,H001087,D
453,453,453,French Hill,H4AR02141,0.0,0.0,444152.36,893432.69,1261080.5,1531281.6,H001072,R
454,454,454,Jim Himes,H8CT04172,1245496.29,1074355.75,1049872.64,1000729.28,959327.91,829150.0,H001047,D
455,455,455,George Holding,H2NC13110,0.0,288752.07,530351.97,1490245.13,1693212.65,593898.75,H001065,R
456,456,456,Trey Hollingsworth,H6IN09176,0.0,0.0,0.0,285500.0,1119155.57,997750.0,H001074,R
457,457,457,Kendra Horn,H8OK05109,0.0,0.0,0.0,0.0,104557.51,947237.06,H001083,D
458,458,458,Steven Horsford,H2NV04011,0.0,754367.44,1194584.66,0.0,877796.31,1713717.66,H001066,D
459,459,459,Chrissy Houlahan,H8PA06087,0.0,0.0,0.0,0.0,659894.96,1017062.95,H001085,D
460,460,460,Steny Hoyer,H2MD05155,2857030.0,2686921.16,2379765.0,2481618.21,2499617.74,2804040.0,H000874,D
461,461,461,Richard Hudson,H2NC08185,0.0,773592.41,919144.83,1332615.0,1450229.15,2183648.92,H001067,R
462,462,462,Jared Huffman,H2CA06259,0.0,402574.22,393023.43,409486.48,384522.7,0.0,H001068,D
463,463,463,Bill Huizenga,H0MI02094,219057.99,639306.91,709427.19,761906.03,1345712.68,1127364.71,H001058,R
464,464,464,Duncan Hunter,H8CA52052,437579.35,600806.0,848324.72,799433.32,487921.33,10500.0,H001048,R
465,465,465,Will Hurd,H0TX23086,6750.0,0.0,251050.0,1767514.97,1873119.22,404375.13,H001073,R
466,466,466,Sheila Jackson Lee,H4TX18054,332148.53,286450.0,177500.0,238227.03,264497.07,5237691.25,J000032,D
467,467,467,Chris Jacobs,H0NY27090,0.0,0.0,0.0,0.0,0.0,339698.0,J000020,R
468,468,468,Pramila Jayapal,H6WA07458,0.0,0.0,0.0,384865.33,347460.0,358320.32,J000298,D
469,469,469,Hakeem Jeffries,H2NY10092,0.0,221000.0,472890.0,566064.92,844300.0,1666549.26,J000294,D
470,470,470,Mike Johnson,H6LA04138,0.0,0.0,0.0,152000.0,489200.0,488302.38,J000299,R
471,471,471,Dusty Johnson,H8SD01055,0.0,0.0,0.0,0.0,333415.79,476539.97,J000301,R
472,472,472,Bill Johnson,H0OH06189,160780.0,974233.51,1196593.01,1086950.0,1101052.0,1054225.0,J000292,R
473,473,473,Eddie Johnson,H2TX00015,353495.82,518495.72,397320.9,295651.34,332170.77,415266.0,J000126,D
474,474,474,Hank Johnson,H6GA04129,387931.79,387800.0,517500.0,441530.0,444750.0,509375.0,J000288,D
475,475,475,Walter Jones,H2NC01081,318530.0,357350.0,301155.83,242200.0,224120.0,0.0,J000255,R
476,476,476,Jim Jordan,H6OH04082,410923.7,496874.65,376635.6,354896.05,305889.77,418575.5,J000289,R
477,477,477,Dave Joyce,H2OH14064,0.0,292050.0,1267136.62,1121866.81,1349717.36,1276905.8,J000295,R
478,478,478,John Joyce,H8PA13125,0.0,0.0,0.0,0.0,391177.51,657350.01,J000302,R
479,479,479,Marcy Kaptur,H2OH09031,398152.42,706300.0,668900.0,589693.49,586601.46,787945.0,K000009,D
480,480,480,John Katko,H4NY24073,0.0,0.0,169675.0,1422310.88,1368990.79,1789930.0,K000386,R
481,481,481,Bill Keating,H0MA10082,409095.0,539332.0,629722.51,593177.66,633000.0,431430.39,K000375,D
482,482,482,Fred Keller,H0PA12181,0.0,0.0,0.0,0.0,0.0,445712.82,K000395,R
483,483,483,Robin Kelly,H2IL02172,0.0,0.0,527548.64,686187.74,657796.63,1058076.32,K000385,D
484,484,484,Mike Kelly,H0PA03271,271799.73,530915.35,1016897.25,1123544.77,1695609.33,1471701.32,K000376,R
485,485,485,Trent Kelly,H6MS01131,0.0,0.0,0.0,485658.0,445907.05,484480.19,K000388,R
486,486,486,Joseph Kennedy,H2MA04073,0.0,425321.06,512983.77,918433.92,887643.13,643431.78,K000379,D
487,487,487,Ro Khanna,H4CA12055,0.0,0.0,0.0,0.0,2000.0,0.0,K000389,D
488,488,488,Dan Kildee,H2MI05119,0.0,356938.95,609999.73,635512.54,786930.75,1166799.03,K000380,D
489,489,489,Derek Kilmer,H2WA06129,0.0,731792.1,888225.4,1043652.0,1213833.17,1280687.0,K000381,D
490,490,490,Andy Kim,H8NJ03206,0.0,0.0,0.0,0.0,617323.51,1042405.33,K000394,D
491,491,491,Ron Kind,H6WI03099,1223748.98,1291983.68,1554207.48,1670206.28,1795900.0,1984761.78,K000188,D
492,492,492,Peter King,H2NY03089,598755.67,705963.05,527000.0,488600.0,528400.0,167475.25,K000210,R
493,493,493,Steve King,H2IA05072,344720.0,687200.0,405298.44,290485.0,234243.0,15520.0,K000362,R
494,494,494,Adam Kinzinger,H0IL11052,458074.51,993724.61,1147761.49,1165611.08,622736.16,419527.32,K000378,R
495,495,495,Ann Kirkpatrick,H8AZ01104,847586.95,562862.32,1081300.0,207500.0,761482.21,690001.0,K000368,D
496,496,496,Raja Krishnamoorthi,H6IL08147,0.0,0.0,0.0,583011.84,1017809.69,991009.3,K000391,D
497,497,497,Ann Kuster,H0NH02181,302678.48,555155.83,1110084.38,1189616.55,1161583.3,1141791.15,K000382,D
498,498,498,David Kustoff,H2TN07103,0.0,0.0,0.0,190245.75,718891.62,688250.0,K000392,R
499,499,499,Darin LaHood,H6IL18088,0.0,0.0,0.0,1074226.24,1461476.12,1893333.45,L000585,R
500,500,500,Doug LaMalfa,H2CA02142,0.0,333027.98,363308.21,397575.99,454332.08,406259.52,L000578,R
501,501,501,Conor Lamb,H8PA18181,0.0,0.0,0.0,0.0,668966.99,671177.26,L000588,D
502,502,502,Doug Lamborn,H6CO05159,220709.95,444980.8,327175.0,437400.0,458900.0,374650.0,L000564,R
503,503,503,Jim Langevin,H0RI02139,474000.0,526903.7,568160.0,513310.0,538711.6,521834.16,L000559,D
504,504,504,Rick Larsen,H0WA02080,1119805.43,915213.94,797750.0,744998.5,842750.0,872350.0,L000560,D
505,505,505,John Larson,H8CT01046,1050815.92,1132595.98,1131997.46,1130771.16,1138572.07,1107930.07,L000557,D
506,506,506,Robert Latta,H8OH05036,318996.74,562267.73,617611.5,631672.2,1085531.55,985832.8,L000566,R
507,507,507,Brenda Lawrence,H2MI14111,0.0,4600.0,251900.0,517751.09,609990.33,658377.45,L000581,D
508,508,508,Al Lawson,H0FL02086,0.0,245245.29,0.0,131000.0,408300.0,605100.0,L000586,D
509,509,509,Susie Lee,H6NV04020,0.0,0.0,0.0,21750.0,0.0,1263408.66,L000590,D
510,510,510,Barbara Lee,H8CA09060,423781.19,352230.0,299645.0,330440.0,439817.06,471849.0,L000551,D
511,511,511,Debbie Lesko,H8AZ08158,0.0,0.0,0.0,0.0,543415.08,396031.76,L000589,R
512,512,512,Mike Levin,H8CA49058,0.0,0.0,0.0,0.0,509592.08,750762.44,L000593,D
513,513,513,Andy Levin,H8MI09118,0.0,0.0,0.0,0.0,463913.32,480406.56,L000592,D
514,514,514,John Lewis,H6GA05217,677622.47,769650.0,577474.95,619550.0,582277.02,399385.61,L000287,D
515,515,515,Ted Lieu,H4CA33119,0.0,0.0,532129.07,494955.05,475918.0,512900.0,L000582,D
516,516,516,Daniel Lipinski,H4IL03077,492266.66,531314.32,595998.18,642562.74,895109.55,789110.0,L000563,D
517,517,517,Dave Loebsack,H6IA02146,635946.03,895555.67,941840.28,935017.45,1114143.24,0.0,L000565,D
518,518,518,Zoe Lofgren,H4CA16049,397666.49,408121.02,458520.3,480925.0,488800.0,529590.0,L000397,D
519,519,519,Billy Long,H0MO07113,192800.0,394626.56,602315.64,934111.68,990867.2,886240.0,L000576,R
520,520,520,Barry Loudermilk,H4GA11061,0.0,0.0,308450.0,498700.0,594895.0,632050.0,L000583,R
521,521,521,Alan Lowenthal,H2CA00104,0.0,499468.21,453099.59,436603.22,449661.07,491900.0,L000579,D
522,522,522,Nita Lowey,H8NY20056,321950.0,339719.0,498172.91,471950.0,531727.58,291700.0,L000480,D
523,523,523,Frank Lucas,H4OK06056,683897.22,1104033.08,973013.2,879592.22,932716.82,750250.0,L000491,R
524,524,524,Blaine Luetkemeyer,H8MO09153,552936.76,612734.67,803115.27,1341652.36,1737977.81,1585845.0,L000569,R
525,525,525,Ben Luján,H8NM03196,539365.16,583869.3,794940.52,1422504.89,1341809.69,0.0,L000570,D
526,526,526,Elaine Luria,H8VA02111,0.0,0.0,0.0,0.0,455889.39,990315.22,L000591,D
527,527,527,Stephen Lynch,H2MA09072,424900.0,464175.0,289460.0,362520.0,313400.0,496000.0,L000562,D
528,528,528,Tom Malinowski,H8NJ07223,0.0,0.0,0.0,0.0,402139.15,761989.49,M001203,D
529,529,529,Sean Maloney,H2NY22139,0.0,383274.92,1292958.62,1134498.31,832020.51,671977.0,M001185,D
530,530,530,Carolyn Maloney,H2NY14037,875808.71,709670.11,689287.05,796320.0,882687.07,1198374.59,M000087,D
531,531,531,Kenny Marchant,H4TX24094,371436.5,535765.08,615364.42,718664.82,878434.29,287250.83,M001158,R
532,532,532,Tom Marino,H0PA10078,134486.2,397645.05,520173.92,563904.87,406411.2,0.0,M001179,R
533,533,533,Roger Marshall,H6KS01179,0.0,0.0,0.0,506899.6,801710.88,691023.8,M001198,R
534,534,534,Thomas Massie,H2KY04121,0.0,303500.0,285277.53,110388.0,133840.0,185300.68,M001184,R
535,535,535,Brian Mast,H6FL18097,0.0,0.0,0.0,460468.5,1135945.7,830184.33,M001199,R
536,536,536,Doris Matsui,H6CA05195,566780.0,623077.38,793138.74,820479.5,818591.26,747750.0,M001163,D
537,537,537,Ben McAdams,H8UT04053,0.0,0.0,0.0,0.0,445761.91,1513944.91,M001209,D
538,538,538,Lucy McBath,H8GA06393,0.0,0.0,0.0,0.0,326175.05,836574.59,M001208,D
539,539,539,Kevin McCarthy,H6CA22125,1260327.72,2551087.64,2848162.32,3279747.09,3204908.5,1686635.02,M001165,R
540,540,540,Michael McCaul,H4TX10093,489851.12,499704.35,822481.2,745060.44,798802.37,1267159.0,M001157,R
541,541,541,Tom McClintock,H8CA04152,140627.67,109724.21,175492.8,135094.45,199900.0,257087.09,M001177,R
542,542,542,Betty McCollum,H0MN04049,410315.06,441025.0,477475.0,501107.24,500025.0,589329.66,M001143,D
543,543,543,A. McEachin,H6VA04061,0.0,0.0,0.0,375906.47,477293.61,646400.0,M001200,D
544,544,544,Jim McGovern,H4MA03022,555733.73,449917.19,369350.0,470963.78,599266.86,401568.0,M000312,D
545,545,545,Patrick McHenry,H4NC10047,550372.73,677062.68,1004231.08,1703709.98,1918300.0,1672650.0,M001156,R
546,546,546,David McKinley,H0WV01072,307885.79,896980.82,827605.77,793267.01,874350.0,786127.01,M001180,R
547,547,547,Cathy McMorris Rodgers,H4WA05077,632373.0,926572.0,1311788.0,1497426.0,2185942.0,1794367.92,M001159,R
548,548,548,Jerry McNerney,H4CA11081,918457.21,850224.74,458181.12,484674.56,440048.08,479090.0,M001166,D
549,549,549,Mark Meadows,H2NC11080,0.0,273600.0,295999.01,283767.08,488213.75,163266.93,M001187,R
550,550,550,Gregory Meeks,H8NY06048,633997.79,557789.61,793300.0,759300.0,776850.0,1202265.19,M001137,D
551,551,551,Grace Meng,H2NY06116,0.0,250550.0,244950.74,279250.0,374682.84,478600.0,M001188,D
552,552,552,Daniel Meuser,H8PA10147,0.0,0.0,0.0,0.0,296155.73,497103.99,M001204,R
553,553,553,Kweisi Mfume,S6MD03185,0.0,0.0,0.0,0.0,0.0,0.0,M000687,D
554,554,554,Carol Miller,H8WV03097,0.0,0.0,0.0,0.0,339245.0,494557.62,M001205,R
555,555,555,Paul Mitchell,H4MI04118,0.0,0.0,0.0,208450.0,470090.5,147500.0,M001201,R
556,556,556,John Moolenaar,H4MI04126,0.0,0.0,436479.87,530705.42,557092.47,639074.1,M001194,R
557,557,557,Alex Mooney,H4WV02080,0.0,0.0,577525.15,519413.63,769598.75,682757.5,M001195,R
558,558,558,Gwen Moore,H4WI04183,414627.0,558715.94,732450.0,776675.0,764316.0,834091.32,M001160,D
559,559,559,Joe Morelle,H8NY25105,0.0,0.0,0.0,0.0,863575.0,864891.14,M001206,D
560,560,560,Seth Moulton,H4MA06090,0.0,0.0,356350.0,705090.0,666859.76,193000.0,M001196,D
561,561,561,Debbie Mucarsel-Powell,H8FL26039,0.0,0.0,0.0,0.0,476474.03,1280433.04,M001207,D
562,562,562,Markwayne Mullin,H2OK02083,0.0,308290.46,555555.83,929300.0,1024087.5,1081625.01,M001190,R
563,563,563,Greg Murphy,H0NC03172,0.0,0.0,0.0,0.0,0.0,560847.41,M001210,R
564,564,564,Stephanie Murphy,H6FL07140,0.0,0.0,0.0,423567.21,1498630.01,1765639.38,M001202,D
565,565,565,Jerrold Nadler,H2NY17071,442370.0,368930.0,467875.17,528820.03,595359.5,649865.64,N000002,D
566,566,566,Grace Napolitano,H8CA34068,258663.28,342974.31,264500.0,555178.3,322300.0,374250.0,N000179,D
567,567,567,Richard Neal,H8MA02041,1474021.03,1293765.73,1439273.14,1327151.17,2677503.01,3126683.99,N000015,D
568,568,568,Joe Neguse,H8CO02160,0.0,0.0,0.0,0.0,378256.26,476178.93,N000191,D
569,569,569,Dan Newhouse,H4WA04104,0.0,0.0,263600.0,741771.42,695670.03,666062.09,N000189,R
570,570,570,Donald Norcross,H4NJ01084,0.0,0.0,777640.29,879714.81,991207.49,1101100.01,N000188,D
571,571,571,Ralph Norman,H8SC05158,0.0,0.0,0.0,0.0,413950.0,329400.0,N000190,R
572,572,572,Devin Nunes,H8CA20059,737981.98,859052.43,1422793.6,1623714.4,1428946.06,1014287.92,N000181,R
573,573,573,Tom O'Halleran,H6AZ01199,0.0,0.0,0.0,509650.0,1098728.46,1418693.84,O000171,D
574,574,574,Alexandria Ocasio-Cortez,H8NY15148,0.0,0.0,0.0,0.0,75617.63,60690.0,O000172,D
575,575,575,Pete Olson,H8TX22107,487475.45,733841.86,697696.21,963645.44,967419.29,341050.0,O000168,R
576,576,576,Ilhan Omar,H8MN05239,0.0,0.0,0.0,0.0,189943.13,199732.31,O000173,D
577,577,577,Steven Palazzo,H0MS04120,241750.54,409635.67,516001.82,538800.0,554100.0,542250.0,P000601,R
578,578,578,Frank Pallone,H8NJ03073,1142750.0,1100000.0,1105750.0,1599233.23,1885554.63,2207700.0,P000034,D
579,579,579,Gary Palmer,H4AL06098,0.0,0.0,259300.0,285264.0,312292.96,397600.0,P000609,R
580,580,580,Jimmy Panetta,H6CA20152,0.0,0.0,0.0,336507.88,715283.58,1281097.36,P000613,D
581,581,581,Chris Pappas,H8NH01210,0.0,0.0,0.0,0.0,486344.28,873055.03,P000614,D
582,582,582,Bill Pascrell,H6NJ08118,743200.0,1189743.78,999079.63,952078.2,1043400.0,979375.0,P000096,D
583,583,583,Donald Payne,H2NJ10154,0.0,303155.0,387031.74,399729.84,437537.69,463829.84,P000604,D
584,584,584,Nancy Pelosi,H8CA05035,1548100.0,1048000.0,1119800.0,1182854.27,1179508.21,1872066.13,P000197,D
585,585,585,Greg Pence,H8IN06129,0.0,0.0,0.0,0.0,468275.0,402750.0,P000615,R
586,586,586,Ed Perlmutter,H6CO07023,1121260.87,1437023.51,1207922.69,1193552.36,1111990.0,1063800.0,P000593,D
587,587,587,Scott Perry,H2PA04135,0.0,251081.57,327125.0,369850.37,538117.02,722679.7,P000605,R
588,588,588,Scott Peters,H2CA52089,0.0,329719.75,1428160.11,1526653.33,1513257.19,1210670.04,P000608,D
589,589,589,Collin Peterson,H2MN07014,930150.0,896440.54,1184567.2,1005647.87,1134520.18,1609673.88,P000258,D
590,590,590,Dean Phillips,H8MN03143,0.0,0.0,0.0,0.0,0.0,2500.0,P000616,D
591,591,591,Chellie Pingree,H8ME01120,242184.05,186500.0,107000.0,170950.0,297500.0,250500.0,P000597,D
592,592,592,Mark Pocan,H2WI02124,0.0,497098.42,551805.59,614145.0,661659.01,524904.93,P000607,D
593,593,593,Katie Porter,H8CA45130,0.0,0.0,0.0,0.0,543299.5,904131.08,P000618,D
594,594,594,Bill Posey,H8FL15107,512783.05,467200.0,479483.3,410820.0,353246.02,423376.21,P000599,R
595,595,595,Ayanna Pressley,H8MA07032,0.0,0.0,0.0,0.0,119574.14,159083.7,P000617,D
596,596,596,David Price,H6NC04037,437250.0,523850.0,467589.97,445079.99,492500.0,660300.0,P000523,D
597,597,597,Mike Quigley,H0IL05096,408557.94,347150.0,456525.0,567875.0,667418.0,760954.0,Q000023,D
598,598,598,Jamie Raskin,H6MD08457,0.0,0.0,0.0,297898.25,339300.0,421500.0,R000606,D
599,599,599,John Ratcliffe,H4TX04153,0.0,0.0,155600.0,491792.29,602994.29,223500.0,R000601,R
600,600,600,Tom Reed,H0NY29054,351247.25,1129654.97,1880662.29,1847081.23,1867791.19,1716900.0,R000585,R
601,601,601,Guy Reschenthaler,H8PA18199,0.0,0.0,0.0,0.0,501490.0,773715.0,R000610,R
602,602,602,Kathleen Rice,H4NY04075,0.0,0.0,647635.68,598540.31,496850.0,463550.0,R000602,D
603,603,603,Tom Rice,H2SC07066,0.0,286350.0,480493.63,678750.0,909300.0,855650.0,R000597,R
604,604,604,Cedric Richmond,H8LA02054,431937.95,612335.8,911242.02,1001988.28,1204701.33,1240755.1,R000588,D
605,605,605,Denver Riggleman,H8VA05171,0.0,0.0,0.0,0.0,275306.65,921436.19,R000611,R
606,606,606,Martha Roby,H0AL02087,361615.7,522182.68,640053.67,828775.0,1672691.24,161500.0,R000591,R
607,607,607,Phil Roe,H6TN01388,9000.0,0.0,2000.0,6000.0,18000.0,9000.0,R000582,R
608,608,608,Harold Rogers,H0KY05015,516550.0,955726.94,956590.0,947299.0,539250.0,403750.0,R000395,R
609,609,609,Mike Rogers,H2AL03032,469250.0,588500.0,585340.0,660800.0,802220.0,744733.7,R000575,R
610,610,610,Francis Rooney,H6FL19087,0.0,0.0,0.0,0.0,0.0,0.0,R000607,R
611,611,611,John Rose,H8TN06094,0.0,0.0,0.0,0.0,194500.0,416700.0,R000612,R
612,612,612,Max Rose,H8NY11113,0.0,0.0,0.0,0.0,303844.72,945810.72,R000613,D
613,613,613,Harley Rouda,H8CA48035,0.0,0.0,0.0,0.0,558821.0,1044250.8,R000616,D
614,614,614,David Rouzer,H2NC07096,0.0,361614.65,555028.45,745365.52,908250.0,891728.5,R000603,R
615,615,615,Chip Roy,H8TX21307,0.0,0.0,0.0,0.0,306839.29,607516.0,R000614,R
616,616,616,Lucille Roybal-Allard,H2CA33048,330175.86,322899.0,327700.0,364099.68,345800.0,521210.61,R000486,D
617,617,617,Raul Ruiz,H2CA36439,0.0,468824.54,1136548.17,1088550.58,1213124.0,954825.0,R000599,D
618,618,618,C.A. Dutch Ruppersberger,H2MD02160,525374.44,739399.68,697516.95,625075.0,700849.0,694250.0,R000576,D
619,619,619,Bobby Rush,H2IL01042,449051.24,417530.5,326000.0,468200.0,350000.0,462500.0,R000515,D
620,620,620,John Rutherford,H6FL04105,0.0,0.0,0.0,166050.0,400659.17,494900.0,R000609,R
621,621,621,Tim Ryan,H2OH17109,628746.37,605669.15,604331.53,549909.1,711302.52,829661.61,R000577,D
622,622,622,Linda Sánchez,H2CA39078,551130.74,697575.0,926117.03,1153276.24,1328230.05,1027021.16,S001156,D
623,623,623,John Sarbanes,H6MD03292,114250.0,3000.0,0.0,0.0,0.0,250.0,S001168,D
624,624,624,Steve Scalise,H0LA01087,522513.63,699101.0,1842626.88,489849.86,140530.0,60950.0,S001176,R
625,625,625,Mary Scanlon,H8PA07200,0.0,0.0,0.0,0.0,327398.45,379001.0,S001205,D
626,626,626,Jan Schakowsky,H8IL09067,370845.0,353625.0,375455.48,379100.0,403725.0,483275.0,S001145,D
627,627,627,Adam Schiff,H0CA27085,493500.0,529225.0,441500.0,444170.0,566750.0,509394.0,S001150,D
628,628,628,Brad Schneider,H2IL10068,0.0,470132.03,1124885.06,801368.87,1181695.0,1282262.41,S001190,D
629,629,629,Kurt Schrader,H8OR05107,1075365.48,1051443.43,1013431.22,1342528.88,1463905.69,1503607.0,S001180,D
630,630,630,Kim Schrier,H8WA08189,0.0,0.0,0.0,0.0,510021.76,879475.54,S001216,D
631,631,631,David Schweikert,H4AZ06045,315072.05,784814.0,250752.54,342550.0,898894.56,673035.52,S001183,R
632,632,632,David Scott,H2GA13012,697547.22,793800.42,893340.0,1051356.36,1034559.08,1025900.0,S001157,D
633,633,633,Austin Scott,H0GA08099,231644.0,520644.43,578267.8,674442.26,618400.0,541300.0,S001189,R
634,634,634,Robert Scott,H6VA01117,283351.67,264816.64,377090.0,574550.0,459669.08,653550.0,S000185,D
635,635,635,F. Sensenbrenner,H8WI09050,240389.09,277126.55,233400.0,205250.0,179250.0,51250.0,S000244,R
636,636,636,José Serrano,H0NY18065,239100.0,177750.0,163750.0,203200.0,192562.25,0.0,S000248,D
637,637,637,Terri Sewell,H0AL07086,357855.0,695969.43,1063667.44,1263095.0,1453045.73,1758300.0,S001185,D
638,638,638,Donna Shalala,H8FL27193,0.0,0.0,0.0,0.0,373616.96,812166.35,S001206,D
639,639,639,Brad Sherman,H6CA24113,547836.97,667707.8,641887.0,719388.65,603799.0,690549.0,S000344,D
640,640,640,Mikie Sherrill,H8NJ11142,0.0,0.0,0.0,0.0,763905.29,1269731.96,S001207,D
641,641,641,John Shimkus,H2IL20042,1290546.43,1591689.88,1645422.19,2493559.71,1740893.95,380500.0,S000364,R
642,642,642,Mike Simpson,H8ID02064,524574.19,769497.14,1541774.69,741096.51,753350.0,747352.99,S001148,R
643,643,643,Albio Sires,H6NJ13191,307990.72,330576.51,375175.0,382421.3,296686.67,304425.9,S001165,D
644,644,644,Elissa Slotkin,H8MI08102,0.0,0.0,0.0,0.0,621940.68,774889.17,S001208,D
645,645,645,Adrian Smith,H6NE03115,496633.95,747144.82,747735.17,921457.99,973750.0,1133475.0,S001172,R
646,646,646,Adam Smith,H6WA09025,533590.26,725200.0,710400.0,640600.0,809946.0,774062.0,S000510,D
647,647,647,Christopher Smith,H8NJ04014,239525.0,203785.91,177365.0,266223.78,404629.13,429575.0,S000522,R
648,648,648,Jason Smith,H4MO08162,0.0,0.0,823005.38,1109895.19,1355128.34,1301164.95,S001195,R
649,649,649,Lloyd Smucker,H6PA16320,0.0,0.0,0.0,506473.0,980934.85,756050.0,S001199,R
650,650,650,Darren Soto,H6FL09179,0.0,0.0,0.0,490081.26,879632.56,790983.13,S001200,D
651,651,651,Abigail Spanberger,H8VA07094,0.0,0.0,0.0,0.0,450180.69,952965.98,S001209,D
652,652,652,Ross Spano,H8FL15230,0.0,0.0,0.0,0.0,267853.45,315100.0,S001210,R
653,653,653,Jackie Speier,H8CA12171,395988.11,417885.2,428236.63,360754.7,317929.74,264418.74,S001175,D
654,654,654,Greg Stanton,H8AZ09040,0.0,0.0,0.0,0.0,411906.99,647460.88,S001211,D
655,655,655,Pete Stauber,H8MN08043,0.0,0.0,0.0,0.0,510039.46,937950.0,S001212,R
656,656,656,Elise Stefanik,H4NY21079,0.0,0.0,557650.0,1447544.95,1452446.68,1664556.01,S001196,R
657,657,657,Bryan Steil,H8WI01156,0.0,0.0,0.0,0.0,456243.0,1226485.5,S001213,R
658,658,658,Greg Steube,H8FL17053,0.0,0.0,0.0,0.0,247150.0,350075.0,S001214,R
659,659,659,Haley Stevens,H8MI11254,0.0,0.0,0.0,0.0,528691.88,1622803.35,S001215,D
660,660,660,Chris Stewart,H2UT02324,0.0,235100.0,444500.0,539619.97,546787.21,505982.9,S001192,R
661,661,661,Steve Stivers,H8OH15076,1122451.93,1450228.3,1529512.09,1900359.07,2469568.89,1920600.0,S001187,R
662,662,662,Thomas Suozzi,H6NY03247,0.0,0.0,0.0,353880.49,840784.42,1127547.09,S001201,D
663,663,663,Eric Swalwell,H2CA15094,0.0,124700.0,813217.12,803172.37,956930.0,518650.0,S001193,D
664,664,664,Mark Takano,H2CA43245,0.0,468365.34,338708.18,321500.0,341100.0,347364.11,T000472,D
665,665,665,Van Taylor,H8TX03123,0.0,0.0,0.0,0.0,389800.0,981446.78,T000479,R
666,666,666,Glenn Thompson,H8PA05071,413347.75,458331.23,496388.68,468039.47,643038.78,805777.0,T000467,R
667,667,667,Bennie Thompson,H4MS02068,1077057.55,864628.25,914395.34,867666.89,814474.05,995763.0,T000193,D
668,668,668,Mike Thompson,H8CA01109,932607.67,1069060.62,1167751.61,1270995.03,1287569.36,1464780.83,T000460,D
669,669,669,William Thornberry,H4TX13014,240111.5,449802.06,681995.59,877776.69,657707.02,140775.0,T000238,R
670,670,670,Tom Tiffany,H0WI07101,0.0,0.0,0.0,0.0,0.0,0.0,T000165,R
671,671,671,William Timmons,H8SC04250,0.0,0.0,0.0,0.0,272950.0,748050.0,T000480,R
672,672,672,Scott Tipton,H6CO03139,191700.0,717481.4,462168.25,931571.33,740185.15,517250.0,T000470,R
673,673,673,Dina Titus,H8NV03036,1000980.03,552479.73,531014.22,511824.42,483305.23,376088.1,T000468,D
674,674,674,Rashida Tlaib,H8MI13250,0.0,0.0,0.0,0.0,139520.54,136921.54,T000481,D
675,675,675,Paul Tonko,H8NY21203,482186.42,546081.99,679616.96,706291.44,862228.46,990064.64,T000469,D
676,676,676,Norma Torres,H4CA35031,0.0,0.0,336000.0,436717.84,383705.56,472775.0,T000474,D
677,677,677,Xochitl Torres Small,H8NM02248,0.0,0.0,0.0,0.0,643089.2,1335523.84,T000484,D
678,678,678,Lori Trahan,H8MA03106,0.0,0.0,0.0,0.0,297483.21,536900.0,T000482,D
679,679,679,David Trone,H6MD08549,0.0,0.0,0.0,0.0,0.0,0.0,T000483,D
680,680,680,Michael Turner,H2OH03067,337975.0,441115.0,526903.96,525290.0,579550.0,682550.0,T000463,R
681,681,681,Lauren Underwood,H8IL14174,0.0,0.0,0.0,0.0,458330.62,879553.0,U000040,D
682,682,682,Fred Upton,H6MI04113,1352358.3,2677981.21,2616096.2,1978904.0,1954644.24,1753058.76,U000031,R
683,683,683,Jefferson Van Drew,H8NJ02166,0.0,0.0,0.0,0.0,683705.97,974544.42,V000133,R
684,684,684,Juan Vargas,H2CA50026,0.0,629350.0,586356.86,782750.0,678400.0,614500.0,V000130,D
685,685,685,Marc Veasey,H2TX33073,0.0,503177.59,711604.98,687482.45,876751.19,1151543.17,V000131,D
686,686,686,Filemon Vela,H2TX27190,0.0,155850.0,415099.1,570931.7,663857.02,764157.17,V000132,D
687,687,687,Nydia Velázquez,H2NY00010,611750.0,493750.0,349250.0,455000.0,641765.0,372800.0,V000081,D
688,688,688,Peter Visclosky,H4IN01012,559748.52,569191.51,615128.39,645326.28,715759.74,343750.0,V000108,D
689,689,689,Ann Wagner,H2MO02102,0.0,677471.42,1254127.92,1250500.0,1522300.0,2112683.16,W000812,R
690,690,690,Tim Walberg,H4MI07103,434981.72,523426.36,779488.9,1135614.0,1102086.63,865906.49,W000798,R
691,691,691,Greg Walden,H6OR02116,1010397.7,1651213.11,2007651.21,2112163.61,2991017.14,988700.0,W000791,R
692,692,692,Mark Walker,H4NC06052,0.0,0.0,189740.0,374256.88,598735.88,205250.0,W000819,R
693,693,693,Jackie Walorski,H0IN02190,229975.0,587942.41,875294.25,880804.69,1683114.42,1339908.39,W000813,R
694,694,694,Michael Waltz,H8FL06148,0.0,0.0,0.0,0.0,309274.5,494506.12,W000823,R
695,695,695,Debbie Wasserman Schultz,H4FL20023,1115766.75,770500.0,2000.0,860254.47,579780.75,654648.18,W000797,D
696,696,696,Maxine Waters,H4CA23011,101150.0,275695.0,563719.24,509750.0,564350.7,853201.44,W000187,D
697,697,697,Steven Watkins,H8KS02199,0.0,0.0,0.0,0.0,262075.0,367924.32,W000824,R
698,698,698,Bonnie Watson Coleman,H4NJ12149,0.0,0.0,440242.67,539425.0,438175.0,466350.0,W000822,D
699,699,699,Randy Weber,H2TX14149,0.0,400537.68,281498.76,190050.0,317023.0,384157.17,W000814,R
700,700,700,Daniel Webster,H0FL08208,449935.82,511423.01,396418.58,226350.0,157227.07,188566.93,W000806,R
701,701,701,Peter Welch,H6VT00160,492300.0,542553.97,745716.77,722727.64,648650.0,492824.19,W000800,D
702,702,702,Brad Wenstrup,H2OH02085,0.0,273449.86,400842.88,401875.0,716256.45,771216.75,W000815,R
703,703,703,Bruce Westerman,H4AR04048,0.0,0.0,259375.0,379710.0,714267.0,736630.35,W000821,R
704,704,704,Jennifer Wexton,H8VA10106,0.0,0.0,0.0,0.0,507281.8,736006.8,W000825,D
705,705,705,Susan Wild,H8PA15229,0.0,0.0,0.0,0.0,535757.82,1000681.99,W000826,D
706,706,706,Roger Williams,H2TX33040,0.0,278120.63,517151.07,583403.79,548207.41,889797.17,W000816,R
707,707,707,Joe Wilson,H2SC02059,454222.95,416260.16,534976.76,643050.0,667844.15,681300.0,W000795,R
708,708,708,Frederica Wilson,H0FL17068,127000.0,351250.0,323500.0,382584.53,330458.89,367174.18,W000808,D
709,709,709,Robert Wittman,H8VA01147,516683.16,487100.0,600550.0,511580.1,711897.05,721737.0,W000804,R
710,710,710,Steve Womack,H0AR03055,203850.0,433300.0,535062.46,570823.06,675587.0,568221.3,W000809,R
711,711,711,Rob Woodall,H0GA07133,211818.0,259550.0,323690.0,437192.26,726300.0,0.0,W000810,R
712,712,712,Ron Wright,H8TX06233,0.0,0.0,0.0,0.0,231570.46,416004.0,W000827,R
713,713,713,John Yarmuth,H6KY03124,677499.91,489968.73,507685.71,435977.07,484101.17,460957.11,Y000062,D
714,714,714,Ted Yoho,H2FL06109,0.0,167604.9,249227.54,190369.8,280995.0,46947.77,Y000065,R
715,715,715,Don Young,H6AK00045,341854.57,374040.13,289540.14,459603.99,559861.9,839094.63,Y000033,R
716,716,716,Lee Zeldin,H8NY01148,0.0,0.0,322682.85,1302267.28,1172689.04,1523119.33,Z000017,R
