Recipient,Party,Chamber,Coal Total,Hydro Total,Nuclear Total,Oil Total,Solar Total,Wind Total,Total,PAC Total,FEC Candidate ID,ID,Coal Ratio,Hydro Ratio,Nuclear Ratio,Oil Ratio,Solar Ratio,Wind Ratio
"McConnell, Mitch",Republican,Senate,21000,26000,38500,115399,0,7000,207899,3806660.0,S2KY00012,M000355,0.00551664713948711,0.006830134553650707,0.010113853089059701,0.030315026821413,0.0,0.0018388823798290365
"Barr, Andy",Republican,House,24500,6000,6000,21500,0,7000,65000,1106515.62,H0KY06104,B001282,0.022141576275263062,0.005422426842921566,0.005422426842921566,0.01943036285380228,0.0,0.006326164650075161
"Cassidy, Bill",Republican,House,25000,7000,15500,61000,0,0,108500,224850.0,H8LA00017,C001075,0.111185234600845,0.0311318656882366,0.0689348454525239,0.27129197242606184,0.0,0.0
"Jenkins, Evan",Republican,House,14000,0,0,17500,0,0,31500,31500.0,S8WV00127,J000297,0.4444444444444444,0.0,0.0,0.5555555555555556,0.0,0.0
"Tillis, Thom",Republican,Senate,28500,15000,15000,54100,0,5000,117600,1160612.0,S4NC00162,T000476,0.024556010105013563,0.01292421584474398,0.01292421584474398,0.04661333848004329,0.0,0.004308071948247993
"Capito, Shelley Moore",Republican,House,40000,9500,20500,96000,0,5000,171000,171000.0,H0WV02138,C001047,0.23391812865497075,0.05555555555555555,0.11988304093567251,0.5614035087719298,0.0,0.029239766081871343
"Davis, Rodney",Republican,House,24000,20000,23500,29500,0,7000,104000,2050655.67,H2IL13120,D000619,0.01170357381354033,0.009752978177950275,0.011459749359091574,0.014385642812476656,0.0,0.003413542362282596
"Johnson, Bill",Republican,House,11500,30000,41000,71500,0,11000,165000,1196593.01,H0OH06189,J000292,0.009610619403501278,0.02507118105261203,0.034263947438569774,0.05975298150872534,0.0,0.009192766385957745
"Ernst, Joni",Republican,Senate,23000,7500,11500,42500,0,5000,89500,1370721.14,S4IA00129,E000295,0.016779488787923708,0.005471572430844687,0.008389744393961854,0.031005577108119894,0.0,0.003647714953896458
"Mooney, Alex",Republican,House,17500,0,5000,13500,0,2500,38500,577525.15,H4WV02080,M001195,0.03030171067008943,0.0,0.008657631620025552,0.02337560537406899,0.0,0.004328815810012776
"Inhofe, James M",Republican,Senate,31000,26000,30500,109500,0,8000,205000,1267714.0,S4OK00083,I000024,0.024453465055998436,0.020509357788901915,0.024059054329288784,0.08637594914941382,0.0,0.006310571627354435
"Byrne, Bradley",Republican,House,5000,18500,18500,21000,0,4000,67000,984850.99,H4AL01123,B001289,0.005076910162825749,0.01878456760245527,0.01878456760245527,0.021323022683868147,0.0,0.004061528130260599
"Gibbs, Bob",Republican,House,9000,11000,17000,30500,0,5000,72500,704453.17,H0OH18077,G000563,0.012775866989142797,0.015614948542285642,0.024132193201714173,0.04329599368542837,0.0,0.00709770388285711
"Bucshon, Larry",Republican,House,18000,3500,3500,10000,0,6000,41000,533038.13,H0IN08114,B001275,0.033768691181623345,0.0065661343964267625,0.0065661343964267625,0.018760383989790748,0.0,0.01125623039387445
"Pompeo, Mike",Republican,House,6500,19500,24500,71500,0,10000,132000,1275282.96,H0KS04051,P000602,0.005096908061878284,0.01529072418563485,0.019211422694771992,0.056065988680661115,0.0,0.007841397018274281
"Lucas, Frank D",Republican,House,1500,3000,4000,42500,0,5000,56000,973013.2,H4OK06056,L000491,0.001541602929949974,0.003083205859899948,0.004110941146533264,0.04367874968191593,0.0,0.00513867643316658
"McKinley, David",Republican,House,20500,23000,28000,46000,0,1000,118500,827605.77,H0WV01072,M001180,0.024770247795638252,0.0277910097219356,0.033832533574530296,0.0555820194438712,0.0,0.0012083047705189391
"Vitter, David",Republican,Senate,15500,18000,23250,27000,0,1500,85250,85250.0,H0LA01079,V000127,0.18181818181818182,0.21114369501466276,0.2727272727272727,0.31671554252199413,0.0,0.017595307917888565
"Flores, Bill",Republican,House,1000,6000,16999,74000,0,6000,103999,645041.27,H0TX17104,F000461,0.0015502884024769454,0.009301730414861672,0.026353352553705595,0.11472134178329396,0.0,0.009301730414861672
"Messer, Luke",Republican,House,2000,7000,8000,25000,0,3000,45000,45000.0,H0IN02125,M001189,0.044444444444444446,0.15555555555555556,0.17777777777777778,0.5555555555555556,0.0,0.06666666666666667
"Gardner, Cory",Republican,House,20500,31000,31000,105100,0,1000,188600,2209288.0,S4CO00395,G000562,0.009279007535459387,0.014031669931670293,0.014031669931670293,0.047571887413501546,0.0,0.0004526345139248482
"Tipton, Scott",Republican,House,9000,9000,9000,54500,0,0,81500,462168.25,H6CO03139,T000470,0.019473427696515284,0.019473427696515284,0.019473427696515284,0.11792242327334256,0.0,0.0
"Lummis, Cynthia",Republican,House,12500,0,0,40000,0,0,52500,304850.0,H8WY00148,L000571,0.041003772347055926,0.0,0.0,0.13121207151057898,0.0,0.0
"Wagner, Ann L",Republican,House,15500,15000,23000,33000,0,10000,96500,1254127.92,H2MO02102,W000812,0.01235918581574996,0.01196050240233867,0.018339437016919296,0.026313105285145078,0.0,0.007973668268225782
"Barrasso, John A",Republican,Senate,18500,30500,31500,2500,0,0,83000,368500.0,S6WY00068,B001261,0.050203527815468114,0.08276797829036635,0.08548168249660787,0.0067842605156037995,0.0,0.0
"Smith, Jason",Republican,House,9500,10000,12500,17500,0,2000,51500,823005.38,H4MO08162,S001195,0.011543059414751335,0.012150588857632984,0.01518823607204123,0.021263530500857723,0.0,0.002430117771526597
"Upton, Fred",Republican,House,14500,68000,85500,104500,0,12000,284500,2616096.2,H6MI04113,U000031,0.005542609633391922,0.02599292793590694,0.03268228439000064,0.03994501425444523,0.0,0.004586987282807107
"Blunt, Roy",Republican,Senate,14000,5000,6000,0,0,4000,29000,29000.0,H6MO07128,B000575,0.4827586206896552,0.1724137931034483,0.20689655172413793,0.0,0.0,0.13793103448275862
"Bishop, Rob",Republican,House,4000,0,0,34500,0,3000,41500,377450.0,H2UT01094,B001250,0.010597430123195126,0.0,0.0,0.09140283481255795,0.0,0.007948072592396344
"Long, Billy",Republican,House,9000,19000,23000,30000,0,10000,91000,602315.64,H0MO07113,L000576,0.014942331565555893,0.03154492219395133,0.038185958445309504,0.049807771885186314,0.0,0.016602590628395437
"Chaffetz, Jason",Republican,House,4000,2000,2000,17500,0,6000,31500,573322.7,H8UT03089,C001076,0.00697687358271354,0.00348843679135677,0.00348843679135677,0.03052382192437174,0.0,0.010465310374070311
"Peterson, Collin",Democrat,House,3500,8000,7500,12500,0,0,31500,1184567.2,H2MN07014,P000258,0.0029546656365295274,0.006753521454924635,0.006331426363991845,0.010552377273319742,0.0,0.0
"Scalise, Steve",Republican,House,6000,37500,37000,103500,0,10000,194000,1842626.88,H0LA01087,S001176,0.0032562208144928397,0.02035138009058025,0.02008002835603918,0.05616980905000149,0.0,0.0054270346908214
"Cornyn, John",Republican,Senate,13000,19500,33500,137600,2000,13000,218600,3348163.0,S2TX00106,C001056,0.0038827261396771904,0.005824089209515785,0.010005486590706606,0.04109716283227549,0.0005973424830272601,0.0038827261396771904
"Brady, Kevin",Republican,House,3000,9500,13500,96000,0,10000,132000,1558724.44,H6TX08100,B000755,0.0019246506457549354,0.006094727044890629,0.00866092790589721,0.06158882066415793,0.0,0.006415502152516452
"Coffman, Mike",Republican,House,3000,5000,5000,69500,0,4000,86500,1396498.34,H8CO06138,C001077,0.0021482302657087294,0.003580383776181216,0.003580383776181216,0.0497673344889189,0.0,0.0028643070209449727
"Benishek, Dan",Republican,House,3000,21000,18000,49000,0,3000,94000,1035693.63,H0MI01088,B001271,0.0028966094925195205,0.020276266447636644,0.01737965695511712,0.04731128837781883,0.0,0.0028966094925195205
"Rounds, Mike",Republican,Senate,22500,27000,26000,60000,0,5000,140500,1471505.0,S4SD00049,R000605,0.01529046792229724,0.018348561506756688,0.01766898515465459,0.040774581126125975,0.0,0.0033978817605104976
"Zinke, Ryan K",Republican,House,5000,0,0,19500,0,2000,26500,409911.54,H4MT01041,Z000018,0.012197753690954884,0.0,0.0,0.047571239394724046,0.0,0.004879101476381953
"Kelly, Mike",Republican,House,12500,15000,15000,49000,0,10000,101500,1016897.25,H0PA03271,K000376,0.012292294034623459,0.014750752841548151,0.014750752841548151,0.048185792615723956,0.0,0.009833835227698767
"Heitkamp, Heidi",Democrat,Senate,6500,10500,11000,22000,0,0,50000,50000.0,S2ND00099,H001069,0.13,0.21,0.22,0.44,0.0,0.0
"Griffith, Morgan",Republican,House,13000,18000,23000,39500,0,8000,101500,574633.24,H0VA09055,G000568,0.022623125665337425,0.031324327844313354,0.04002553002328929,0.06873949721390987,0.0,0.013921923486361492
"Shimkus, John",Republican,House,8000,54000,64500,43000,0,7500,177000,1645422.19,H2IL20042,S000364,0.004861974056640139,0.032818324882320934,0.03919966583166112,0.026133110554440744,0.0,0.00455810067810013
"Walorski, Jackie",Republican,House,3000,6000,6000,24500,0,10000,49500,875294.25,H0IN02190,W000813,0.003427418836579813,0.006854837673159626,0.006854837673159626,0.027990587165401808,0.0,0.011424729455266043
"Murphy, Tim",Republican,House,13000,22500,23500,56500,0,3500,119000,1145423.65,H2PA18143,M001151,0.011349512470778826,0.01964338696865566,0.0205164263894848,0.049326727276846435,0.0,0.0030556379729019915
"Wyden, Ron",Democrat,Senate,2500,45500,61500,1500,6000,6500,123500,123500.0,S6OR00110,W000779,0.020242914979757085,0.3684210526315789,0.4979757085020243,0.012145748987854251,0.048582995951417005,0.05263157894736842
"Luetkemeyer, Blaine",Republican,House,2500,13000,16000,0,0,5000,36500,803115.27,H8MO09153,L000569,0.003112878179990277,0.01618696653594944,0.019922420351937774,0.0,0.0,0.006225756359980554
"Rothfus, Keith J",Republican,House,20000,13000,13000,29500,0,4500,80000,821857.75,H0PA04220,R000598,0.024335111520211374,0.015817822488137394,0.015817822488137394,0.03589428949231178,0.0,0.00547540009204756
"Stewart, Chris",Republican,House,2500,1500,1500,33500,0,3000,42000,444500.0,H2UT02324,S001192,0.00562429696287964,0.003374578177727784,0.003374578177727784,0.07536557930258718,0.0,0.006749156355455568
"Tiberi, Pat",Republican,House,2500,33000,39000,43500,0,9000,127000,2109892.32,H0OH12062,T000462,0.0011848945921562482,0.015640608616462475,0.01848435563763747,0.020617165903518718,0.0,0.004265620531762493
"Harris, Andy",Republican,House,2500,0,0,29500,0,0,32000,460220.35,H8MD01094,H001052,0.005432180476156693,0.0,0.0,0.06409972961864899,0.0,0.0
"Thompson, Glenn",Republican,House,4500,11500,12500,31000,0,1000,60500,496388.68,H8PA05071,T000467,0.009065476674447934,0.02316732927914472,0.025181879651244264,0.06245106153508577,0.0,0.0020145503720995412
"Barton, Joe",Republican,House,4500,17000,33500,60500,0,4000,119500,634530.84,H4TX06117,B000213,0.0070918538805773415,0.02679144799329218,0.05279491222207577,0.09534603550553981,0.0,0.006303870116068748
"Kirk, Mark",Republican,Senate,7500,4000,4000,1000,2500,3500,22500,22500.0,S0IL00261,K000360,0.3333333333333333,0.17777777777777778,0.17777777777777778,0.044444444444444446,0.1111111111111111,0.15555555555555556
"Simpson, Mike",Republican,House,3000,22000,25500,45000,0,7000,102500,1541774.69,H8ID02064,S001148,0.001945809604644632,0.014269270434060635,0.01653938163947937,0.02918714406966948,0.0,0.004540222410837475
"Roberts, Pat",Republican,Senate,14500,12000,21000,100750,0,7500,155750,3085837.0,S6KS00080,R000307,0.004698887206291194,0.003888734239689264,0.0068052849194562125,0.03264916455405778,0.0,0.00243045889980579
"Young, Don",Republican,House,2000,0,0,17000,0,0,19000,289540.14,H6AK00045,Y000033,0.00690750512174236,0.0,0.0,0.05871379353481006,0.0,0.0
"Costa, Jim",Democrat,House,2000,0,0,53000,0,0,55000,688584.51,H4CA20082,C001059,0.0029045091357050713,0.0,0.0,0.0769694920961844,0.0,0.0
"Scott, Tim",Republican,Senate,24500,29000,30000,66500,0,10000,160000,160000.0,H0SC01279,S001184,0.153125,0.18125,0.1875,0.415625,0.0,0.0625
"Sasse, Ben",Republican,Senate,15500,5000,5000,54500,0,5000,85000,1087842.0,S4NE00090,S001197,0.014248392689379524,0.00459625570625146,0.00459625570625146,0.05009918719814091,0.0,0.00459625570625146
"Fleischmann, Chuck",Republican,House,2000,0,0,6000,0,2000,10000,706883.35,H0TN03254,F000459,0.0028293211319802623,0.0,0.0,0.008487963395940788,0.0,0.0028293211319802623
"Kinzinger, Adam",Republican,House,2000,21500,23000,41500,0,10000,98000,1147761.49,H0IL11052,K000378,0.0017425223074874205,0.01873211480548977,0.020039006536105335,0.036157337880363974,0.0,0.008712611537437104
"Alexander, Lamar",Republican,Senate,12000,18000,23000,42500,1000,15000,111500,2632960.0,S2TN00058,A000360,0.004557608167233836,0.006836412250850753,0.008735415653864851,0.016141528925619833,0.0003798006806028196,0.0056970102090422945
"Hartzler, Vicky",Republican,House,3000,5000,7000,6000,0,7000,28000,329452.54,H0MO04086,H001053,0.00910601569500724,0.015176692825012064,0.02124736995501689,0.01821203139001448,0.0,0.02124736995501689
"Ryan, Paul",Republican,House,2000,22500,28000,65000,0,13000,130500,2283814.3,H8WI01024,R000570,0.0008757279433796348,0.009851939363020892,0.012260191207314886,0.02846115815983813,0.0,0.005692231631967626
"Kline, John",Republican,House,7000,6000,6000,16000,0,4000,39000,1218473.12,H8MN06047,K000363,0.005744894889433424,0.0049241956195143636,0.0049241956195143636,0.013131188318704969,0.0,0.0032827970796762422
"Walberg, Tim",Republican,House,7500,13000,13000,27500,0,0,61000,779488.9,H4MI07103,W000798,0.009621689288968708,0.01667759476754576,0.01667759476754576,0.03527952739288526,0.0,0.0
"Guthrie, Brett",Republican,House,2000,21500,22500,45000,0,9000,100000,1296391.83,H8KY02031,G000558,0.0015427434466321805,0.016584492051295942,0.01735586377461203,0.03471172754922406,0.0,0.006942345509844812
"Massie, Thomas",Republican,House,2000,4000,6500,18500,0,5000,36000,285277.53,H2KY04121,M001184,0.007010716897331521,0.014021433794663042,0.02278482991632744,0.06484913130031657,0.0,0.0175267922433288
"Pitts, Joe",Republican,House,1500,16000,16000,35000,0,14500,83000,1042620.0,H6PA16197,P000373,0.0014386833170282557,0.015345955381634729,0.015345955381634729,0.033569277397325965,0.0,0.013907272064606473
"Shuster, Bill",Republican,House,19000,28000,37500,95000,0,15000,194500,2146532.53,H2PA09035,S001154,0.008851484771115956,0.013044293346907723,0.0174700357324657,0.04425742385557978,0.0,0.00698801429298628
"McCarthy, Kevin",Republican,House,1500,35500,39000,100000,0,15000,191000,2848162.32,H6CA22125,M001165,0.000526655376860684,0.012464177252369521,0.013693039798377785,0.035110358457378935,0.0,0.00526655376860684
"Thune, John",Republican,Senate,1500,5000,6000,8500,0,2000,23000,23000.0,S2SD00068,T000250,0.06521739130434782,0.21739130434782608,0.2608695652173913,0.3695652173913043,0.0,0.08695652173913043
"Bishop, Sanford",Democrat,House,1000,11000,11000,7000,0,6000,36000,842944.11,H2GA02031,B000490,0.0011863182720382257,0.013049500992420483,0.013049500992420483,0.00830422790426758,0.0,0.007117909632229354
"Roskam, Peter",Republican,House,1000,5000,5000,39500,0,8500,59000,1886052.46,H6IL06117,R000580,0.0005302079455414512,0.002651039727707256,0.002651039727707256,0.02094321384888732,0.0,0.004506767537102335
"Calvert, Ken",Republican,House,1000,0,0,17500,0,4000,22500,631763.2,H2CA37023,C000059,0.0015828715569377895,0.0,0.0,0.027700252246411317,0.0,0.006331486227751158
"Frelinghuysen, Rodney",Republican,House,1000,8000,8000,4000,0,9000,30000,629075.98,H2NJ05014,F000372,0.0015896330996456104,0.012717064797164883,0.012717064797164883,0.006358532398582441,0.0,0.014306697896810494
"Sessions, Pete",Republican,House,1000,3000,10500,52000,0,9500,76000,1266431.86,H2TX03126,S000250,0.0007896200589899878,0.0023688601769699634,0.008291010619394872,0.041060243067479366,0.0,0.007501390560404884
"Green, Gene",Democrat,House,1000,8000,17500,47500,0,9000,83000,811552.24,H2TX29030,G000410,0.0012322065675032824,0.00985765254002626,0.021563614931307443,0.058529811956405914,0.0,0.011089859107529541
"Walden, Greg",Republican,House,1000,34000,37500,63500,0,10000,146000,2007651.21,H6OR02116,W000791,0.0004980944872391455,0.016935212566130946,0.018678543271467955,0.03162899993968574,0.0,0.004980944872391455
"Rogers, Mike",Republican,House,1000,11500,12500,21000,0,7000,53000,585340.0,H2AL03032,R000575,0.0017084087880548057,0.019646701062630265,0.02135510985068507,0.03587658454915092,0.0,0.01195886151638364
"Olson, Pete",Republican,House,1000,15000,27499,72000,0,4500,119999,697696.21,H8TX22107,O000168,0.0014332885655205152,0.021499328482807726,0.03941400226324864,0.10319677671747708,0.0,0.006449798544842318
"Love, Mia",Republican,House,1000,0,0,27000,0,1000,29000,458801.6,H2UT04023,L000584,0.0021795913527764507,0.0,0.0,0.05884896652496417,0.0,0.0021795913527764507
"Bost, Mike",Republican,House,1000,0,0,12000,0,2000,15000,458383.91,H4IL12060,B001295,0.0021815774467301876,0.0,0.0,0.02617892936076225,0.0,0.004363154893460375
"Sessions, Jeff",Republican,Senate,1000,15000,16000,43000,0,3000,78000,825945.0,S6AL00195,S001141,0.0012107343709326893,0.01816101556399034,0.01937174993492303,0.05206157795010564,0.0,0.003632203112798068
"Boozman, John",Republican,Senate,1000,5000,5000,0,0,1000,12000,12000.0,H2AR03176,B001236,0.08333333333333333,0.4166666666666667,0.4166666666666667,0.0,0.0,0.08333333333333333
"Bilirakis, Gus",Republican,House,1000,10000,9500,22500,0,7000,50000,662450.0,H6FL09070,B001257,0.0015095478904068231,0.01509547890406823,0.01434070495886482,0.03396482753415352,0.0,0.010566835232847762
"Sewell, Terri A",Democrat,House,3500,14000,15000,6000,0,3000,41500,1063667.44,H0AL07086,S001185,0.0032905021516875617,0.013162008606750247,0.014102152078660979,0.005640860831464391,0.0,0.0028204304157321957
"Ellmers, Renee",Republican,House,1000,19000,21000,28000,0,11500,80500,1292580.61,H0NC02059,E000291,0.0007736461403362688,0.014699276666389108,0.016246568947061644,0.021662091929415525,0.0,0.008896930613867092
"Collins, Susan M",Republican,Senate,3500,1000,1000,23000,1000,11500,41000,2137046.0,S6ME00159,C001035,0.0016377747601127911,0.00046793564574651176,0.00046793564574651176,0.01076251985216977,0.00046793564574651176,0.005381259926084885
"Cole, Tom",Republican,House,1000,0,0,46000,0,6500,53500,573324.38,H2OK04055,C001053,0.001744213284633038,0.0,0.0,0.08023381109311975,0.0,0.011337386350114746
"Murkowski, Lisa",Republican,Senate,3500,26500,40500,19100,2500,3500,95600,95600.0,S4AK00099,M001153,0.036610878661087864,0.27719665271966526,0.4236401673640167,0.1997907949790795,0.02615062761506276,0.036610878661087864
"Schrader, Kurt",Democrat,House,1000,22500,22500,1000,0,2000,49000,1013431.22,H8OR05107,S001180,0.000986746786821902,0.022201802703492795,0.022201802703492795,0.000986746786821902,0.0,0.001973493573643804
"Reed, Tom",Republican,House,1000,10500,12000,55500,0,10000,89000,1880662.29,H0NY29054,R000585,0.0005317275756084841,0.005583139543889084,0.00638073090730181,0.02951088044627087,0.0,0.005317275756084842
"Lankford, James",Republican,House,13000,11000,14000,100500,0,6500,145000,177975.0,H0OK05114,L000575,0.07304396684927658,0.061806433487849415,0.07866273352999016,0.5646860514117151,0.0,0.03652198342463829
"Johnson, Ron",Republican,Senate,1000,1000,3000,1000,0,0,6000,6000.0,S0WI00197,J000293,0.16666666666666666,0.16666666666666666,0.5,0.16666666666666666,0.0,0.0
"Young, Todd",Republican,House,1000,4000,4000,15000,0,7000,31000,787499.08,H0IN09070,Y000064,0.0012698427533401056,0.005079371013360422,0.005079371013360422,0.019047641300101583,0.0,0.008888899273380739
"Duncan, John J Jr",Republican,House,1000,0,0,2000,0,5000,8000,340000.0,H8TN02069,D000533,0.0029411764705882353,0.0,0.0,0.0058823529411764705,0.0,0.014705882352941176
"Smith, Adrian",Republican,House,1000,3000,4000,11500,0,4000,23500,747735.17,H6NE03115,S001172,0.001337371893313511,0.004012115679940533,0.005349487573254044,0.015379776773105376,0.0,0.005349487573254044
"Rigell, Scott",Republican,House,1000,0,0,17500,0,8500,27000,588947.48,H0VA02084,R000589,0.0016979442717031407,0.0,0.0,0.029714024754804964,0.0,0.014432526309476695
"Hultgren, Randy",Republican,House,1000,2000,3000,10000,0,5000,21000,791652.3,H0IL14080,H001059,0.0012631808181445313,0.0025263616362890626,0.003789542454433594,0.012631808181445313,0.0,0.006315904090722657
"Sullivan, Dan",Republican,Senate,16000,10000,10000,34100,0,0,70100,830247.0,S4AK00214,S001198,0.019271373458741796,0.012044608411713623,0.012044608411713623,0.04107211468394345,0.0,0.0
"Schweikert, David",Republican,House,1000,0,0,15000,0,2000,18000,250752.54,H4AZ06045,S001183,0.003987995495479328,0.0,0.0,0.059819932432189915,0.0,0.007975990990958656
"Pearce, Steve",Republican,House,1000,2000,4500,80600,0,3000,91100,501073.54,H2NM02126,P000588,0.0019957150401515916,0.003991430080303183,0.00898071768068216,0.16085463223621826,0.0,0.005987145120454774
"Graves, Sam",Republican,House,1000,10000,12500,6000,0,5000,34500,1065405.35,H0MO06073,G000546,0.0009386098915309557,0.009386098915309558,0.011732623644136946,0.005631659349185734,0.0,0.004693049457654779
"Heller, Dean",Republican,Senate,1000,1000,1000,1000,4000,0,8000,8000.0,S2NV00183,H001041,0.125,0.125,0.125,0.125,0.5,0.0
"Stivers, Steve",Republican,House,2000,13000,23000,30500,0,10000,78500,1529512.09,H8OH15076,S001187,0.001307606532224273,0.008499442459457773,0.015037475120579137,0.019940999616420162,0.0,0.006538032661121364
"Perdue, David",Republican,Senate,13500,16000,21000,37000,0,5000,92500,1348551.0,S4GA11285,P000612,0.010010744866156341,0.011864586508037145,0.015572269791798753,0.027436856299835898,0.0,0.0037076832837616078
"Cramer, Kevin",Republican,House,11000,5000,2000,51500,0,2000,71500,531051.0,H0ND01026,C001096,0.020713641439334452,0.009415291563333842,0.0037661166253335366,0.09697750310233857,0.0,0.0037661166253335366
"McCaul, Michael",Republican,House,1000,12000,17000,29000,0,4500,63500,822481.2,H4TX10093,M001157,0.001215833261599171,0.014589999139190051,0.020669165447185906,0.03525916458637596,0.0,0.00547124967719627
"Buck, Ken",Republican,House,1000,1000,1000,29200,0,0,32200,296350.0,S0CO00237,B001297,0.0033743883921039312,0.0033743883921039312,0.0033743883921039312,0.0985321410494348,0.0,0.0
"Manchin, Joe",Democrat,Senate,500,17000,26000,2000,0,0,45500,45500.0,S0WV00090,M001183,0.01098901098901099,0.37362637362637363,0.5714285714285714,0.04395604395604396,0.0,0.0
"Cotton, Tom",Republican,House,11000,10000,19500,50600,0,10000,101100,380683.95,H2AR04083,C001095,0.028895360574040487,0.026268509612764078,0.05122359374488995,0.13291865864058625,0.0,0.026268509612764078
"Tester, Jon",Democrat,Senate,1000,4000,4000,0,0,0,9000,9000.0,S6MT00162,T000464,0.1111111111111111,0.4444444444444444,0.4444444444444444,0.0,0.0,0.0
"Noem, Kristi",Republican,House,1000,8000,6250,13500,0,8500,37250,812651.31,H0SD00054,N000184,0.0012305400701316778,0.009844320561053423,0.007690875438322987,0.01661229094677765,0.0,0.010459590596119263
"Doyle, Mike",Democrat,House,3500,36000,38000,9500,0,1000,88000,88000.0,H4PA18131,D000482,0.03977272727272727,0.4090909090909091,0.4318181818181818,0.10795454545454546,0.0,0.011363636363636364
"Hoeven, John",Republican,Senate,7500,9750,8250,3000,0,0,28500,28500.0,S0ND00093,H001061,0.2631578947368421,0.34210526315789475,0.2894736842105263,0.10526315789473684,0.0,0.0
"Rokita, Todd",Republican,House,10000,6500,6500,25000,0,6000,54000,502886.6,H0IN04170,R000592,0.01988519877045839,0.012925379200797954,0.012925379200797954,0.049712996926145975,0.0,0.011931119262275034
"Graham, Lindsey",Republican,Senate,10000,11500,11500,30000,0,8000,71000,1709432.0,S0SC00149,G000359,0.005849896339836858,0.006727380790812387,0.006727380790812387,0.017549689019510574,0.0,0.0046799170718694865
"Cochran, Thad",Republican,Senate,15000,33000,34000,66500,0,17000,165500,3080820.0,S8MS00055,C000567,0.004868833622217462,0.010711433968878416,0.011036022877026246,0.021585162391830746,0.0,0.005518011438513123
"Foxx, Virginia",Republican,House,2000,3500,3500,10500,0,9500,29000,460115.58,H4NC05146,F000450,0.004346733922811308,0.007606784364919788,0.007606784364919788,0.022820353094759365,0.0,0.02064698613335371
"Rubio, Marco",Republican,Senate,2000,14000,17500,11100,0,0,44600,44600.0,S0FL00338,R000595,0.04484304932735426,0.31390134529147984,0.3923766816143498,0.24887892376681614,0.0,0.0
"Harper, Gregg",Republican,House,3000,28000,30000,34500,0,5500,101000,535100.0,H8MS03067,H001045,0.005606428704914969,0.05232666791253971,0.05606428704914969,0.06447393010652215,0.0,0.010278452625677444
"McSally, Martha",Republican,House,2500,0,1000,24000,0,0,27500,523923.07,H2AZ08102,M001197,0.004771692912854553,0.0,0.0019086771651418213,0.04580825196340371,0.0,0.0
"Salmon, Matt",Republican,House,2000,3000,4000,17500,1000,0,27500,27500.0,H2AZ06130,S000018,0.07272727272727272,0.10909090909090909,0.14545454545454545,0.6363636363636364,0.03636363636363636,0.0
"Gosar, Paul",Republican,House,2000,0,0,20000,1000,0,23000,228550.0,H0AZ01259,G000565,0.008750820389411508,0.0,0.0,0.08750820389411507,0.004375410194705754,0.0
"Flake, Jeff",Republican,Senate,1000,4000,4000,0,0,1000,10000,10000.0,S2AZ00141,F000444,0.1,0.4,0.4,0.0,0.0,0.1
"Smith, Lamar",Republican,House,1000,0,3500,48500,0,4500,57500,761258.06,H6TX21012,S000583,0.0013136149914787108,0.0,0.004597652470175488,0.06371032708671748,0.0,0.005911267461654199
"Clay, William L Jr",Democrat,House,0,10000,10000,0,0,0,20000,489803.96,H0MO01066,C001049,0.0,0.020416331464531236,0.020416331464531236,0.0,0.0,0.0
"Bustos, Cheri",Democrat,House,0,14000,14000,0,0,8000,36000,1343898.07,H2IL17071,B001286,0.0,0.010417456734646549,0.010417456734646549,0.0,0.0,0.005952832419798028
"McCaskill, Claire",Democrat,Senate,0,6000,8000,0,0,0,14000,14000.0,S6MO00305,M001170,0.0,0.42857142857142855,0.5714285714285714,0.0,0.0,0.0
"Clyburn, James E",Democrat,House,0,41000,47000,0,0,10000,98000,1800189.18,H2SC02042,C000537,0.0,0.022775384084910453,0.02610836712172662,0.0,0.0,0.0055549717280269405
"Cleaver, Emanuel",Democrat,House,0,3000,6000,0,0,4000,13000,725423.21,H4MO05234,C001061,0.0,0.004135516976359221,0.008271033952718441,0.0,0.0,0.005514022635145628
"Hoyer, Steny H",Democrat,House,0,57250,69250,17000,0,11000,154500,2379765.0,H2MD05155,H000874,0.0,0.024056997224515864,0.029099511926597793,0.007143562494616065,0.0,0.004622305143575101
"Davis, Danny K",Democrat,House,0,2000,2000,0,0,0,4000,486933.2,H4IL07037,D000096,0.0,0.00410733956937009,0.00410733956937009,0.0,0.0,0.0
"Foster, Bill",Democrat,House,0,3000,4000,0,0,6000,13000,794378.59,H8IL14067,F000454,0.0,0.0037765368273583507,0.005035382436477801,0.0,0.0,0.007553073654716701
"Thompson, Bennie G",Democrat,House,0,32000,32000,3500,0,7500,75000,914395.34,H4MS02068,T000193,0.0,0.03499580389375125,0.03499580389375125,0.003827666050879043,0.0,0.00820214153759795
"Richmond, Cedric",Democrat,House,0,18500,20500,28500,0,3500,71000,911242.02,H8LA02054,R000588,0.0,0.02030196105311298,0.022496767653449518,0.03127599405479567,0.0,0.0038409115505889423
"Stabenow, Debbie",Democrat,Senate,0,4000,6500,0,0,0,10500,10500.0,S8MI00281,S000770,0.0,0.38095238095238093,0.6190476190476191,0.0,0.0,0.0
"Jenkins, Lynn",Republican,House,0,4000,10000,47500,0,10000,71500,1649259.29,H8KS02090,J000290,0.0,0.0024253311921620282,0.00606332798040507,0.028800807906924082,0.0,0.00606332798040507
"Beatty, Joyce",Democrat,House,0,19000,29000,2500,0,1500,52000,641934.04,H2OH03125,B001281,0.0,0.029598056523065824,0.04517598100888995,0.0038944811214560297,0.0,0.002336688672873618
"Rush, Bobby L",Democrat,House,0,6000,6000,2500,0,6500,21000,326000.0,H2IL01042,R000515,0.0,0.018404907975460124,0.018404907975460124,0.007668711656441718,0.0,0.019938650306748466
"Ross, Dennis",Republican,House,0,7500,7500,28500,0,10000,53500,956490.14,H0FL12101,R000593,0.0,0.007841168127462349,0.007841168127462349,0.029796438884356926,0.0,0.010454890836616465
"Murphy, Patrick",Democrat,House,0,5000,6000,1000,0,6000,18000,1488988.93,H2FL22072,M001191,0.0,0.0033579833263098877,0.004029579991571865,0.0006715966652619774,0.0,0.004029579991571865
"Holding, George",Republican,House,0,9000,10000,0,0,7000,26000,530351.97,H2NC13110,H001065,0.0,0.01696986248585067,0.0188554027620563,0.0,0.0,0.01319878193343941
"Lance, Leonard",Republican,House,0,9500,10500,14000,0,7000,41000,629622.53,H6NJ12136,L000567,0.0,0.015088405429202159,0.016676658632276072,0.022235544843034763,0.0,0.011117772421517381
"Levin, Sander",Democrat,House,0,18000,19000,2500,0,9000,48500,1094839.37,H2MI17023,L000263,0.0,0.016440767927444918,0.01735414392341408,0.002283439989922905,0.0,0.008220383963722459
"Murray, Patty",Democrat,Senate,0,11000,14000,0,0,2000,27000,27000.0,S2WA00189,M001111,0.0,0.4074074074074074,0.5185185185185185,0.0,0.0,0.07407407407407407
"Portman, Rob",Republican,Senate,0,18500,27100,4000,4000,2000,55600,55600.0,S0OH00133,P000449,0.0,0.3327338129496403,0.48741007194244607,0.07194244604316546,0.07194244604316546,0.03597122302158273
"Fudge, Marcia L",Democrat,House,0,19000,21000,9500,0,4000,53500,772020.08,H8OH11141,F000455,0.0,0.02461075882896725,0.027201365021490117,0.012305379414483624,0.0,0.005181212385045737
"Peters, Gary",Democrat,House,0,14000,14000,0,2500,12500,43000,2147903.0,S4MI00355,P000595,0.0,0.006517985216278389,0.006517985216278389,0.0,0.0011639259314782837,0.005819629657391419
"Miller, Candice S",Republican,House,0,15000,15000,21500,0,2000,53500,511317.54,H6MI12181,M001150,0.0,0.029335977795715753,0.029335977795715753,0.04204823484052591,0.0,0.003911463706095433
"Dingell, Debbie",Democrat,House,0,14500,14500,5000,0,4000,38000,636941.66,H4MI12079,D000624,0.0,0.022765036282914826,0.022765036282914826,0.00785001251134994,0.0,0.006280010009079952
"Bishop, Mike",Republican,House,0,10000,10000,15000,0,1000,36000,474017.35,H4MI08135,B001293,0.0,0.021096274218654655,0.021096274218654655,0.031644411327981986,0.0,0.0021096274218654655
"Moolenaar, John",Republican,House,0,10000,10000,8500,0,0,28500,436479.87,H4MI04126,M001194,0.0,0.022910564008369962,0.022910564008369962,0.01947397940711447,0.0,0.0
"Kildee, Dan",Democrat,House,0,10000,10000,2500,0,4500,27000,609999.73,H2MI05119,K000380,0.0,0.01639344987906798,0.01639344987906798,0.004098362469766995,0.0,0.007377052445580591
"Trott, Dave",Republican,House,0,7500,7500,5000,0,0,20000,239980.08,H4MI11097,T000475,0.0,0.03125259396529912,0.03125259396529912,0.02083506264353275,0.0,0.0
"Conyers, John Jr",Democrat,House,0,7500,7500,2500,0,1000,18500,584435.98,H6MI01028,C000714,0.0,0.012832885477037195,0.012832885477037195,0.004277628492345731,0.0,0.0017110513969382927
"Delaney, John K",Democrat,House,0,11000,12000,0,0,4000,27000,666576.0,H2MD06195,D000620,0.0,0.01650224430522551,0.018002448332973285,0.0,0.0,0.006000816110991095
"Lawrence, Brenda",Democrat,House,0,7500,7500,0,0,0,15000,251900.0,H2MI14111,L000581,0.0,0.029773719730051607,0.029773719730051607,0.0,0.0,0.0
"Huizenga, Bill",Republican,House,0,6000,6000,13500,0,5000,30500,709427.19,H0MI02094,H001058,0.0,0.00845752754415855,0.00845752754415855,0.019029436974356734,0.0,0.007047939620132124
"Kind, Ron",Democrat,House,0,21000,20000,2500,0,12000,55500,1554207.48,H6WI03099,K000188,0.0,0.013511709517702232,0.01286829477876403,0.0016085368473455037,0.0,0.007720976867258418
"Ryan, Tim",Democrat,House,0,19500,21500,13500,0,11000,65500,604331.53,H2OH17109,R000577,0.0,0.03226705712343025,0.0355764988796795,0.022338731854682478,0.0,0.018201929659370907
"Latta, Robert E",Republican,House,0,15500,19000,28000,2000,7000,71500,617611.5,H8OH05036,L000566,0.0,0.025096682947127767,0.030763675870672746,0.045335943388359834,0.003238281670597131,0.011333985847089958
"Warner, Mark",Democrat,Senate,0,9500,14000,4000,0,11500,39000,2811309.0,S6VA00093,W000805,0.0,0.0033792087600473656,0.004979886593754013,0.001422824741072575,0.0,0.004090621130583653
"Boustany, Charles Jr",Republican,House,0,5500,7000,99500,0,10000,122000,122000.0,H4LA07029,B001255,0.0,0.045081967213114756,0.05737704918032787,0.8155737704918032,0.0,0.08196721311475409
"Baldwin, Tammy",Democrat,Senate,0,9000,9000,0,0,0,18000,18000.0,H8WI00018,B001230,0.0,0.5,0.5,0.0,0.0,0.0
"Neal, Richard E",Democrat,House,0,18500,14000,1000,0,10000,43500,1439273.14,H8MA02041,N000015,0.0,0.012853710311025468,0.009727132127262516,0.0006947951519473226,0.0,0.006947951519473226
"Perlmutter, Ed",Democrat,House,0,13000,13000,6000,0,7500,39500,1207922.69,H6CO07023,P000593,0.0,0.010762278171958175,0.010762278171958175,0.004967205310134542,0.0,0.006209006637668177
"Moore, Gwen",Democrat,House,0,3500,1500,0,0,5000,10000,732450.0,H4WI04183,M001160,0.0,0.0047784831729128265,0.0020479213598197828,0.0,0.0,0.00682640453273261
"Carney, John",Democrat,House,0,2000,3000,0,0,11000,16000,842754.77,H0DE01017,C001083,0.0,0.0023731695995028303,0.0035597543992542456,0.0,0.0,0.013052432797265567
"Himes, Jim",Democrat,House,0,3500,2000,0,0,10000,15500,1049872.64,H8CT04172,H001047,0.0,0.003333737699841383,0.0019049929713379331,0.0,0.0,0.009524964856689666
"Nunes, Devin",Republican,House,0,10500,10500,45000,0,6500,72500,1422793.6,H8CA20059,N000181,0.0,0.007379847646208136,0.007379847646208136,0.03162791848374915,0.0,0.004568477114319322
"Edwards, Donna",Democrat,House,0,1000,1000,0,0,2500,4500,395900.0,H6MD04183,E000290,0.0,0.002525890376357666,0.002525890376357666,0.0,0.0,0.006314725940894165
"Duffy, Sean P",Republican,House,0,11000,11500,14500,0,10000,47000,1186272.79,H0WI07051,D000614,0.0,0.009272740715902283,0.009694228930261478,0.012223158216416646,0.0,0.008429764287183894
"Blackburn, Marsha",Republican,House,0,11500,11500,52500,0,3000,78500,1222912.59,H2TN06030,B001243,0.0,0.009403779218594846,0.009403779218594846,0.0429302964327156,0.0,0.0024531597961551773
"Kaptur, Marcy",Democrat,House,0,13000,15000,2500,3000,7000,40500,668900.0,H2OH09031,K000009,0.0,0.019434893108087905,0.022424876663178352,0.003737479443863059,0.00448497533263567,0.010464942442816564
"Dent, Charlie",Republican,House,0,15000,15000,27500,0,6500,64000,907927.66,H4PA15087,D000604,0.0,0.016521140021221514,0.016521140021221514,0.030288756705572774,0.0,0.007159160675862656
"Fitzpatrick, Michael G",Republican,House,0,13000,13000,17500,0,8000,51500,1174469.15,H4PA08074,F000451,0.0,0.011068830543569408,0.011068830543569408,0.014900348808651126,0.0,0.006811588026811944
"Valadao, David",Republican,House,0,3500,4500,31600,0,0,39600,1290642.17,H2CA20094,V000129,0.0,0.002711828329613622,0.0034866364237889423,0.02448393577594013,0.0,0.0
"Booker, Cory",Democrat,Senate,0,16500,24000,5000,0,15000,60500,1878427.0,S4NJ00185,B001288,0.0,0.008783945290394569,0.012776647695119374,0.0026618016031498696,0.0,0.007985404809449608
"Welch, Peter",Democrat,House,0,7000,6000,0,0,9000,22000,745716.77,H6VT00160,W000800,0.0,0.009386941908252915,0.008045950207073927,0.0,0.0,0.01206892531061089
"Schumer, Charles E",Democrat,Senate,0,9000,10000,1000,0,1000,21000,21000.0,S8NY00082,S000148,0.0,0.42857142857142855,0.47619047619047616,0.047619047619047616,0.0,0.047619047619047616
"Crowley, Joseph",Democrat,House,0,14500,17500,0,0,10000,42000,1697994.27,H8NY07046,C001038,0.0,0.008539487003098072,0.010306277417532157,0.0,0.0,0.0058893013814469465
"Heinrich, Martin",Democrat,Senate,0,8000,10000,2000,1000,0,21000,21000.0,H8NM01224,H001046,0.0,0.38095238095238093,0.47619047619047616,0.09523809523809523,0.047619047619047616,0.0
"Burgess, Michael",Republican,House,0,4000,14000,50000,0,8000,76000,896793.91,H2TX26093,B001248,0.0,0.004460333589910306,0.015611167564686071,0.05575416987387882,0.0,0.008920667179820612
"Amash, Justin",Republican,House,0,1000,1000,10000,0,0,12000,124750.0,H0MI03126,A000367,0.0,0.008016032064128256,0.008016032064128256,0.08016032064128256,0.0,0.0
"Casey, Bob",Democrat,Senate,0,13000,13000,1000,0,1000,28000,28000.0,S6PA00217,C001070,0.0,0.4642857142857143,0.4642857142857143,0.03571428571428571,0.0,0.03571428571428571
"Pittenger, Robert",Republican,House,0,6500,6500,11500,0,3000,27500,475106.8,H2NC09134,P000606,0.0,0.01368113443124788,0.01368113443124788,0.024205083993746247,0.0,0.006314369737499021
"Mulvaney, Mick",Republican,House,0,10000,10000,10500,0,5000,35500,702258.85,H0SC05031,M001182,0.0,0.014239763585749044,0.014239763585749044,0.014951751765036497,0.0,0.007119881792874522
"Gowdy, Trey",Republican,House,0,10000,10000,16500,0,8000,44500,432558.9,H0SC04257,G000566,0.0,0.02311823892653694,0.02311823892653694,0.03814509422878595,0.0,0.01849459114122955
"Rice, Tom",Republican,House,0,10000,10000,7000,0,7000,34000,480493.63,H2SC07066,R000597,0.0,0.02081193043079468,0.02081193043079468,0.014568351301556277,0.0,0.014568351301556277
"Wilson, Joe",Republican,House,0,7000,7000,10000,0,7500,31500,534976.76,H2SC02059,W000795,0.0,0.013084680538272353,0.013084680538272353,0.018692400768960504,0.0,0.01401930057672038
"Yarmuth, John A",Democrat,House,0,11500,11500,0,0,10000,33000,507685.71,H6KY03124,Y000062,0.0,0.022651809522076165,0.022651809522076165,0.0,0.0,0.01969722567137058
"Meadows, Mark",Republican,House,0,7000,7000,5000,0,5000,24000,295999.01,H2NC11080,M001187,0.0,0.02364872774405563,0.02364872774405563,0.016891948388611164,0.0,0.016891948388611164
"McHenry, Patrick",Republican,House,0,5000,5000,28500,0,8000,46500,1004231.08,H4NC10047,M001156,0.0,0.004978933733060722,0.004978933733060722,0.028379922278446112,0.0,0.007966293972897154
"Wenstrup, Brad",Republican,House,0,9750,9750,13500,0,13000,46000,400842.88,H2OH02085,W000815,0.0,0.02432374500452646,0.02432374500452646,0.03367903154472895,0.0,0.032431660006035284
"Nugent, Richard",Republican,House,0,6000,6000,8500,0,3000,23500,211830.83,H0FL05139,N000185,0.0,0.028324488932984875,0.028324488932984875,0.040126359321728575,0.0,0.014162244466492438
"Brooks, Susan",Republican,House,0,5000,5000,22000,0,8500,40500,704459.65,H2IN05082,B001284,0.0,0.007097638594346744,0.007097638594346744,0.031229609815125677,0.0,0.012065985610389466
"Cuellar, Henry",Democrat,House,0,8000,11500,54000,0,1000,74500,777817.29,H2TX23082,C001063,0.0,0.010285191783278564,0.014784963188462934,0.0694250445371303,0.0,0.0012856489729098205
"Horsford, Steven",Democrat,House,0,10000,10000,3500,0,4000,27500,1194584.66,H2NV04011,H001066,0.0,0.008371110340559706,0.008371110340559706,0.002929888619195897,0.0,0.0033484441362238823
"Lee, Barbara",Democrat,House,0,5000,5000,0,0,3000,13000,299645.0,H8CA09060,L000551,0.0,0.01668641225450116,0.01668641225450116,0.0,0.0,0.010011847352700696
"Donnelly, Joe",Democrat,Senate,0,6000,7500,0,0,1000,14500,14500.0,S2IN00091,D000607,0.0,0.41379310344827586,0.5172413793103449,0.0,0.0,0.06896551724137931
"Israel, Steve",Democrat,House,0,14000,15500,3000,0,11000,43500,1336490.26,H0NY02085,I000057,0.0,0.010475197926246018,0.011597540561200947,0.0022446852699098607,0.0,0.008230512656336156
"Hudson, Richard",Republican,House,0,6500,8500,38500,0,9000,62500,919144.83,H2NC08185,H001067,0.0,0.007071790851502695,0.00924772649811891,0.04188676119736212,0.0,0.009791710409772962
"Jolly, David",Republican,House,0,4500,4500,17000,0,2000,28000,831506.98,H4FL13101,J000296,0.0,0.005411860763934898,0.005411860763934898,0.020444807330420728,0.0,0.0024052714506377325
"Stutzman, Marlin",Republican,House,0,4000,11500,20000,0,8000,43500,43500.0,S0IN00095,S001188,0.0,0.09195402298850575,0.26436781609195403,0.45977011494252873,0.0,0.1839080459770115
"Diaz-Balart, Mario",Republican,House,0,4000,4000,0,0,0,8000,585476.31,H2FL25018,D000600,0.0,0.0068320441522219735,0.0068320441522219735,0.0,0.0,0.0
"Sinema, Kyrsten",Democrat,House,0,4000,4000,5000,1000,4000,18000,1380005.75,H2AZ09019,S001191,0.0,0.002898538647393317,0.002898538647393317,0.003623173309241646,0.0007246346618483292,0.002898538647393317
"Schneider, Brad",Democrat,House,0,2000,3000,0,0,7000,12000,1124885.06,H2IL10068,S001190,0.0,0.0017779594299172218,0.002666939144875833,0.0,0.0,0.006222858004710277
"Mikulski, Barbara A",Democrat,Senate,0,3500,3500,0,0,3000,10000,10000.0,S6MD00140,M000702,0.0,0.35,0.35,0.0,0.0,0.3
"DeSantis, Ron",Republican,House,0,3500,3500,18500,0,4000,29500,459075.0,H2FL00292,D000621,0.0,0.0076240265751783476,0.0076240265751783476,0.04029842618308555,0.0,0.008713173228775255
"Miller, Jeff",Republican,House,0,9000,9000,0,0,0,18000,387300.0,H2FL01100,M001144,0.0,0.023237800154918668,0.023237800154918668,0.0,0.0,0.0
"Posey, Bill",Republican,House,0,3000,3000,7000,0,4000,17000,479483.3,H8FL15107,P000599,0.0,0.006256735114653628,0.006256735114653628,0.014599048600858465,0.0,0.008342313486204837
"Peters, Scott",Democrat,House,0,3000,3000,0,0,7000,13000,1428160.11,H2CA52089,P000608,0.0,0.002100604812439412,0.002100604812439412,0.0,0.0,0.004901411229025294
"Moran, Jerry",Republican,Senate,0,4000,5000,2500,0,2500,14000,14000.0,H6KS01096,M000934,0.0,0.2857142857142857,0.35714285714285715,0.17857142857142858,0.0,0.17857142857142858
"Adams, Alma",Democrat,House,0,2000,2000,0,0,0,4000,307830.67,H4NC12100,A000370,0.0,0.006497078410023277,0.006497078410023277,0.0,0.0,0.0
"DeGette, Diana",Democrat,House,0,11000,10000,0,0,0,21000,600248.57,H6CO01141,D000197,0.0,0.018325741284148333,0.016659764803771213,0.0,0.0,0.0
"Pelosi, Nancy",Democrat,House,0,2500,2500,0,0,1000,6000,1119800.0,H8CA05035,P000197,0.0,0.00223254152527237,0.00223254152527237,0.0,0.0,0.000893016610108948
"Mica, John L",Republican,House,0,3000,3000,15500,0,7000,28500,466725.0,H2FL08055,M000689,0.0,0.0064277679575767315,0.0064277679575767315,0.03321013444747978,0.0,0.014998125234345707
"Rogers, Mike D",Republican,House,0,12000,12000,3500,0,8500,36000,585340.0,H2AL03032,R000575,0.0,0.02050090545665767,0.02050090545665767,0.00597943075819182,0.0,0.014521474698465849
"Jordan, Jim",Republican,House,0,7000,13000,17500,0,5000,42500,376635.6,H6OH04082,J000289,0.0,0.018585603697579306,0.03451612115264728,0.046464009243948265,0.0,0.013275431212556647
"Lee, Mike",Republican,Senate,0,2000,2000,4500,0,0,8500,8500.0,S0UT00165,L000577,0.0,0.23529411764705882,0.23529411764705882,0.5294117647058824,0.0,0.0
"Jeffries, Hakeem",Democrat,House,0,3000,3000,0,0,1500,7500,472890.0,H2NY10092,J000294,0.0,0.006343970056461334,0.006343970056461334,0.0,0.0,0.003171985028230667
"Brown, Sherrod",Democrat,Senate,0,8000,10500,0,0,0,18500,18500.0,H2OH13033,B000944,0.0,0.43243243243243246,0.5675675675675675,0.0,0.0,0.0
"Kirkpatrick, Ann",Democrat,House,0,3000,3000,4500,0,2000,12500,1081300.0,H8AZ01104,K000368,0.0,0.0027744381762693053,0.0027744381762693053,0.004161657264403958,0.0,0.0018496254508462036
"Jones, Walter B Jr",Republican,House,0,2000,2000,0,0,5000,9000,301155.83,H2NC01081,J000255,0.0,0.006641080134493826,0.006641080134493826,0.0,0.0,0.016602700336234566
"Paul, Rand",Republican,Senate,0,2000,2000,0,0,0,4000,4000.0,S0KY00156,P000603,0.0,0.5,0.5,0.0,0.0,0.0
"Yoho, Ted",Republican,House,0,2000,2000,13500,0,0,17500,249227.54,H2FL06109,Y000065,0.0,0.008024795333613612,0.008024795333613612,0.05416736850189188,0.0,0.0
"Price, David",Democrat,House,0,2000,2000,0,0,10500,14500,467589.97,H6NC04037,P000523,0.0,0.004277251712649012,0.004277251712649012,0.0,0.0,0.02245557149140731
"Shaheen, Jeanne",Democrat,Senate,0,3000,3000,0,500,13500,20000,2064960.0,S0NH00219,S001181,0.0,0.0014528126452812646,0.0014528126452812646,0.0,0.00024213544088021074,0.00653765690376569
"Webster, Daniel",Republican,House,0,2000,2000,7000,0,1000,12000,396418.58,H0FL08208,W000806,0.0,0.005045172201565325,0.005045172201565325,0.01765810270547864,0.0,0.0025225861007826624
"Corker, Bob",Republican,Senate,0,2000,2000,0,0,0,4000,4000.0,S6TN00216,C001071,0.0,0.5,0.5,0.0,0.0,0.0
"Veasey, Marc",Democrat,House,0,2000,8000,15000,0,4500,29500,711604.98,H2TX33073,V000131,0.0,0.0028105480655854884,0.011242192262341954,0.02107911049189116,0.0,0.006323733147567349
"Hastings, Alcee L",Democrat,House,0,2500,2500,0,0,0,5000,347494.7,H2FL23021,H000324,0.0,0.007194354331159583,0.007194354331159583,0.0,0.0,0.0
"Heck, Joe",Republican,House,0,2000,2000,20500,2000,5000,31500,1078202.13,H0NV03058,H001055,0.0,0.0018549397597647115,0.0018549397597647115,0.019013132537588292,0.0018549397597647115,0.004637349399411779
"Fischer, Deb",Republican,Senate,0,2000,4000,0,0,4500,10500,10500.0,S2NE00094,F000463,0.0,0.19047619047619047,0.38095238095238093,0.0,0.0,0.42857142857142855
"Collins, Doug",Republican,House,0,12000,12000,3000,0,4000,31000,430686.02,H2GA09150,C001093,0.0,0.027862525001391966,0.027862525001391966,0.006965631250347991,0.0,0.009287508333797321
"Perry, Scott",Republican,House,0,8000,8000,14000,0,0,30000,327125.0,H2PA04135,P000605,0.0,0.02445548337791364,0.02445548337791364,0.04279709591134887,0.0,0.0
"Menendez, Robert",Democrat,Senate,0,1000,1000,0,0,0,2000,2000.0,H2NJ13075,M000639,0.0,0.5,0.5,0.0,0.0,0.0
"Ros-Lehtinen, Ileana",Republican,House,0,1000,1000,1000,0,0,3000,391733.13,H0FL18025,R000435,0.0,0.0025527583025719575,0.0025527583025719575,0.0025527583025719575,0.0,0.0
"Feinstein, Dianne",Democrat,Senate,0,1000,1000,0,0,0,2000,2000.0,S0CA00199,F000062,0.0,0.5,0.5,0.0,0.0,0.0
"Westmoreland, Lynn A",Republican,House,0,11000,11000,11000,0,5000,38000,618097.92,H4GA08067,W000796,0.0,0.017796532950636688,0.017796532950636688,0.017796532950636688,0.0,0.008089333159380312
"Rooney, Tom",Republican,House,0,1000,1000,7000,0,0,9000,393322.66,H8FL16022,R000583,0.0,0.002542441872024358,0.002542441872024358,0.017797093104170505,0.0,0.0
"DelBene, Suzan",Democrat,House,0,1000,1000,2000,0,3000,7000,1172552.99,H0WA08046,D000617,0.0,0.0008528399215458911,0.0008528399215458911,0.0017056798430917822,0.0,0.002558519764637673
"Ribble, Reid",Republican,House,0,5000,5500,10000,0,7000,27500,780300.84,H0WI08075,R000587,0.0,0.006407784976881481,0.007048563474569629,0.012815569953762962,0.0,0.008970898967634073
"Larson, John B",Democrat,House,0,2500,4000,2500,0,7500,16500,1131997.46,H8CT01046,L000557,0.0,0.002208485520806734,0.0035335768332907746,0.002208485520806734,0.0,0.0066254565624202025
"Thompson, Mike",Democrat,House,0,9500,9500,7000,0,9500,35500,1167751.61,H8CA01109,T000460,0.0,0.008135291716703349,0.008135291716703349,0.0059944254754656255,0.0,0.008135291716703349
"Cooper, Jim",Democrat,House,0,1000,1000,0,0,4000,6000,315495.0,H2TN05131,C000754,0.0,0.003169622339498249,0.003169622339498249,0.0,0.0,0.012678489357992996
"Black, Diane",Republican,House,0,1000,1000,40500,0,4500,47000,910419.93,H0TN06257,B001273,0.0,0.0010983942322088664,0.0010983942322088664,0.04448496640445909,0.0,0.004942774044939899
"Rouzer, David",Republican,House,0,2000,2000,11000,0,1000,16000,555028.45,H2NC07096,R000603,0.0,0.0036034188878065624,0.0036034188878065624,0.01981880388293609,0.0,0.0018017094439032812
"Pascrell, Bill Jr",Democrat,House,0,3000,3000,0,0,8000,14000,999079.63,H6NJ08118,P000096,0.0,0.003002763653583849,0.003002763653583849,0.0,0.0,0.008007369742890263
"Cummings, Elijah E",Democrat,House,0,1000,1000,0,0,3500,5500,598307.0,H6MD07160,C000984,0.0,0.0016713827516642793,0.0016713827516642793,0.0,0.0,0.005849839630824978
"Crenshaw, Ander ",Republican,House,0,1000,1000,2500,0,12000,16500,736989.65,H0FL04066,C001045,0.0,0.0013568711582313266,0.0013568711582313266,0.0033921778955783165,0.0,0.016282453898775917
"Castor, Kathy",Democrat,House,0,3000,3000,0,0,1000,7000,395700.0,H6FL11126,C001066,0.0,0.0075815011372251705,0.0075815011372251705,0.0,0.0,0.0025271670457417236
"Walker, Mark",Republican,House,0,1000,1000,2000,0,1000,5000,189740.0,H4NC06052,W000819,0.0,0.005270369979972594,0.005270369979972594,0.010540739959945188,0.0,0.005270369979972594
"Pallone, Frank Jr",Democrat,House,0,4500,4500,0,0,15500,24500,1105750.0,H8NJ03073,P000034,0.0,0.004069635993669455,0.004069635993669455,0.0,0.0,0.014017635089305902
"Eshoo, Anna",Democrat,House,0,1000,1000,0,0,6000,8000,774340.3,H8CA12098,E000215,0.0,0.0012914218722698534,0.0012914218722698534,0.0,0.0,0.00774853123361912
"Whitehouse, Sheldon",Democrat,Senate,0,1000,1000,0,0,0,2000,2000.0,S6RI00221,W000802,0.0,0.5,0.5,0.0,0.0,0.0
"Wicker, Roger",Republican,Senate,0,1000,1000,0,0,0,2000,2000.0,H4MS01078,W000437,0.0,0.5,0.5,0.0,0.0,0.0
"Reid, Harry",Democrat,Senate,0,7000,8500,0,11000,4000,30500,30500.0,S6NV00028,R000146,0.0,0.22950819672131148,0.2786885245901639,0.0,0.36065573770491804,0.13114754098360656
"Marchant, Kenny",Republican,House,0,1000,6999,32500,0,2000,42499,615364.42,H4TX24094,M001158,0.0,0.0016250533301876632,0.011373748257983455,0.05281423323109906,0.0,0.0032501066603753265
"Lipinski, Daniel",Democrat,House,0,1000,3000,0,0,7500,11500,595998.18,H4IL03077,L000563,0.0,0.0016778574726520137,0.005033572417956041,0.0,0.0,0.012583931044890102
"Udall, Tom",Democrat,Senate,0,9000,20000,37000,0,6000,72000,72000.0,H8NM03097,U000039,0.0,0.125,0.2777777777777778,0.5138888888888888,0.0,0.08333333333333333
"Womack, Steve",Republican,House,0,5000,5000,5000,0,6000,21000,535062.46,H0AR03055,W000809,0.0,0.009344703420232471,0.009344703420232471,0.009344703420232471,0.0,0.011213644104278967
"Palazzo, Steven",Republican,House,0,14000,14000,29500,0,7000,64500,516001.82,H0MS04120,P000601,0.0,0.027131687248700014,0.027131687248700014,0.05717034098833217,0.0,0.013565843624350007
"Graves, Garret",Republican,House,0,2500,2500,50600,0,0,55600,233859.62,H4LA06153,G000577,0.0,0.010690173874395246,0.010690173874395246,0.21636911921775978,0.0,0.0
"Weber, Randy",Republican,House,0,4000,7000,48000,0,6000,65000,281498.76,H2TX14149,W000814,0.0,0.014209654067392694,0.024866894617937216,0.17051584880871234,0.0,0.021314481101089043
"Babin, Brian",Republican,House,0,2500,2500,21000,0,1000,27000,367115.42,H6TX02079,B001291,0.0,0.006809847431633354,0.006809847431633354,0.057202718425720174,0.0,0.0027239389726533415
"Fleming, John",Republican,House,0,3000,5000,31500,0,2000,41500,298975.0,H8LA04225,F000456,0.0,0.010034283802993562,0.016723806338322603,0.1053599799314324,0.0,0.0066895225353290405
"Crawford, Rick",Republican,House,0,3000,4000,0,0,2000,9000,483348.58,H0AR01083,C001087,0.0,0.006206700762418708,0.008275601016558278,0.0,0.0,0.004137800508279139
"Abraham, Ralph",Republican,House,0,2500,2500,7000,0,0,12000,20000.0,H4LA05221,A000374,0.0,0.125,0.125,0.35,0.0,0.0
"Merkley, Jeff",Democrat,Senate,0,7100,7100,0,2000,4000,20200,1435689.0,S8OR00207,M001176,0.0,0.004945360729238714,0.004945360729238714,0.0,0.0013930593603489335,0.002786118720697867
"Cruz, Ted",Republican,Senate,0,2000,4500,3000,0,0,9500,9500.0,S2TX00312,C001098,0.0,0.21052631578947367,0.47368421052631576,0.3157894736842105,0.0,0.0
"Kennedy, John",No View,,0,2500,2500,0,0,0,5000,5000.0,S4LA00065,K000393,0.0,0.5,0.5,0.0,0.0,0.0
"Clarke, Yvette D",Democrat,House,0,2000,2000,0,0,5000,9000,361115.0,H4NY11138,C001067,0.0,0.005538401894133448,0.005538401894133448,0.0,0.0,0.013846004735333619
"Matsui, Doris",Democrat,House,0,4000,4000,0,0,10000,18000,793138.74,H6CA05195,M001163,0.0,0.005043253844844346,0.005043253844844346,0.0,0.0,0.012608134612110865
"DeLauro, Rosa L",Democrat,House,0,2000,2000,0,0,0,4000,597867.49,H0CT03072,D000216,0.0,0.003345222868699551,0.003345222868699551,0.0,0.0,0.0
"Hanna, Richard",Republican,House,0,2000,2000,2500,0,4000,10500,604980.86,H8NY24066,H001051,0.0,0.003305889710295959,0.003305889710295959,0.004132362137869949,0.0,0.006611779420591918
"Tonko, Paul",Democrat,House,0,2000,3000,0,0,12000,17000,679616.96,H8NY21203,T000469,0.0,0.00294283415175513,0.004414251227632695,0.0,0.0,0.01765700491053078
"Fortenberry, Jeff",Republican,House,0,2000,2000,0,0,0,4000,330171.26,H4NE01064,F000449,0.0,0.006057462421168941,0.006057462421168941,0.0,0.0,0.0
"Courtney, Joe",Democrat,House,0,4000,2000,0,0,3000,9000,806250.0,H2CT02112,C001069,0.0,0.00496124031007752,0.00248062015503876,0.0,0.0,0.0037209302325581397
"Schatz, Brian",Democrat,Senate,0,1000,1000,0,1000,2000,5000,1243650.0,S4HI00136,S001194,0.0,0.0008040847505327061,0.0008040847505327061,0.0,0.0008040847505327061,0.0016081695010654123
"Ayotte, Kelly",Republican,Senate,0,6000,4000,11000,0,1000,22000,22000.0,S0NH00235,A000368,0.0,0.2727272727272727,0.18181818181818182,0.5,0.0,0.045454545454545456
"Reed, Jack",Democrat,Senate,0,1000,1000,0,0,15500,17500,1655112.0,S6RI00163,R000122,0.0,0.0006041887195549305,0.0006041887195549305,0.0,0.0,0.009364925153101422
"Poe, Ted",Republican,House,0,1000,6000,34000,1000,3000,45000,369137.07,H4TX02108,P000592,0.0,0.002709020798155005,0.01625412478893003,0.09210670713727018,0.002709020798155005,0.008127062394465015
"Kuster, Ann",Democrat,House,0,10000,0,0,0,5000,15000,1110084.38,H0NH02181,K000382,0.0,0.009008324214056593,0.0,0.0,0.0,0.004504162107028297
"Lynch, Stephen F",Democrat,House,0,1000,0,0,0,0,1000,289460.0,H2MA09072,L000562,0.0,0.0034547087680508533,0.0,0.0,0.0,0.0
"Clark, Katherine",Democrat,House,0,5000,0,0,0,2000,7000,427112.6,H4MA05084,C001101,0.0,0.0117065148628254,0.0,0.0,0.0,0.00468260594513016
"Guinta, Frank",Republican,House,0,5000,0,15000,0,0,20000,528884.69,H0NH01217,G000570,0.0,0.00945385656748733,0.0,0.02836156970246199,0.0,0.0
"Keating, Bill",Democrat,House,0,4500,0,0,0,3000,7500,629722.51,H0MA10082,K000375,0.0,0.007146004674344578,0.0,0.0,0.0,0.004764003116229719
"Renacci, Jim",Republican,House,0,11000,15500,33500,0,7000,67000,1153238.17,H0OH16097,R000586,0.0,0.009538359279245848,0.01344041534802824,0.02904863962315781,0.0,0.006069864995883721
"LoBiondo, Frank",Republican,House,0,5000,5000,9500,0,0,19500,1343243.25,H2NJ02037,L000554,0.0,0.003722333985300131,0.003722333985300131,0.007072434572070249,0.0,0.0
"Barletta, Lou",Republican,House,0,13500,13500,22500,0,3000,52500,599994.21,H2PA11098,B001269,0.0,0.022500217127095278,0.022500217127095278,0.03750036187849213,0.0,0.005000048250465617
"Turner, Michael R",Republican,House,0,3500,3500,13500,0,8000,28500,526903.96,H2OH03067,T000463,0.0,0.006642576761047687,0.006642576761047687,0.025621367506898224,0.0,0.015183032596680428
"Garrett, Scott",Republican,House,0,3000,3000,15500,0,7000,28500,971050.0,H8NJ05052,G000548,0.0,0.003089439266773081,0.003089439266773081,0.015962102878327583,0.0,0.007208691622470522
"Marino, Tom",Republican,House,0,13000,13000,20000,0,6000,52000,520173.92,H0PA10078,M001179,0.0,0.024991641257216434,0.024991641257216434,0.03844867885725605,0.0,0.011534603657176816
"Payne, Donald M Jr",Democrat,House,0,2500,2500,2500,0,0,7500,387031.74,H2NJ10154,P000604,0.0,0.006459418547946481,0.006459418547946481,0.006459418547946481,0.0,0.0
"Franken, Al",Democrat,Senate,0,3500,3000,0,0,0,6500,1440851.0,S8MN00438,F000457,0.0,0.0024291200131033672,0.002082102868374315,0.0,0.0,0.0
"Blumenauer, Earl",Democrat,House,0,10000,10000,0,0,4000,24000,822683.79,H6OR03064,B000574,0.0,0.012155338565744682,0.012155338565744682,0.0,0.0,0.004862135426297873
"Bonamici, Suzanne",Democrat,House,0,4000,4000,0,0,1000,9000,522799.25,H2OR01133,B001278,0.0,0.007651120387031925,0.007651120387031925,0.0,0.0,0.0019127800967579812
"Costello, Ryan",Republican,House,0,5000,5000,17000,0,4000,31000,881826.37,H0PA06076,C001106,0.0,0.0056700504431501635,0.0056700504431501635,0.019278171506710556,0.0,0.004536040354520131
"Boyle, Brendan",Democrat,House,0,1000,1000,7500,0,2000,11500,636765.0,H4PA13199,B001296,0.0,0.0015704380737006588,0.0015704380737006588,0.01177828555275494,0.0,0.0031408761474013176
"Paulsen, Erik",Republican,House,0,5000,5000,17500,0,7000,34500,1386403.06,H8MN03077,P000594,0.0,0.0036064548212985043,0.0036064548212985043,0.012622591874544765,0.0,0.005049036749817906
"Palmer, Gary",Republican,House,0,15000,15000,5000,0,0,35000,259300.0,H4AL06098,P000609,0.0,0.057848052448900886,0.057848052448900886,0.01928268414963363,0.0,0.0
"Woodall, Rob",Republican,House,0,10000,10000,9500,0,3000,32500,323690.0,H0GA07133,W000810,0.0,0.030893756371837253,0.030893756371837253,0.02934906855324539,0.0,0.009268126911551176
"Roby, Martha",Republican,House,0,10000,10000,3000,0,4000,27000,640053.67,H0AL02087,R000591,0.0,0.015623689807137579,0.015623689807137579,0.004687106942141274,0.0,0.006249475922855031
"Price, Tom",Republican,House,0,10000,10000,30000,0,14500,64500,1195169.21,H4GA06087,P000591,0.0,0.008367016081346339,0.008367016081346339,0.02510104824403902,0.0,0.012132173317952192
"Brooks, Mo",Republican,House,0,10000,10000,2500,0,2000,24500,290300.0,H0AL05163,B001274,0.0,0.03444712366517396,0.03444712366517396,0.00861178091629349,0.0,0.006889424733034792
"Scott, David",Democrat,House,0,10000,10000,2500,0,0,22500,893340.0,H2GA13012,S001157,0.0,0.011193946313833478,0.011193946313833478,0.0027984865784583695,0.0,0.0
"Aderholt, Robert B",Republican,House,0,10000,10000,7000,0,4000,31000,749828.84,H6AL04098,A000055,0.0,0.013336376872353964,0.013336376872353964,0.009335463810647775,0.0,0.005334550748941585
"Scott, Austin",Republican,House,0,10000,10000,7500,0,3500,31000,578267.8,H0GA08099,S001189,0.0,0.01729302582644235,0.01729302582644235,0.012969769369831761,0.0,0.006052559039254822
"Hurd, Will",Republican,House,0,5000,7500,13500,0,2000,28000,251050.0,H0TX23086,H001073,0.0,0.019916351324437365,0.029874526986656044,0.05377414857598088,0.0,0.007966540529774946
"Graves, Tom",Republican,House,0,7500,7500,13500,0,7500,36000,499200.0,H0GA09030,G000560,0.0,0.015024038461538462,0.015024038461538462,0.027043269230769232,0.0,0.015024038461538462
"Lewis, John",Democrat,House,0,7000,7000,0,0,2000,16000,577474.95,H6GA05217,L000287,0.0,0.012121737921272604,0.012121737921272604,0.0,0.0,0.0034633536917921723
"Loudermilk, Barry",Republican,House,0,5000,5000,7500,0,1000,18500,308450.0,H4GA11061,L000583,0.0,0.016210082671421624,0.016210082671421624,0.024315124007132437,0.0,0.003242016534284325
"Carter, Buddy",Republican,House,0,5000,5000,2500,0,2000,14500,431582.11,H4GA01039,C001103,0.0,0.011585280956154555,0.011585280956154555,0.005792640478077277,0.0,0.004634112382461822
"Johnson, Hank",Democrat,House,0,5000,5000,0,0,3000,13000,517500.0,H6GA04129,J000288,0.0,0.00966183574879227,0.00966183574879227,0.0,0.0,0.005797101449275362
"Hensarling, Jeb",Republican,House,0,5000,10000,34500,0,8500,58000,1524898.0,H2TX05121,H001036,0.0,0.0032789078351470064,0.006557815670294013,0.022624464062514345,0.0,0.005574143319749911
"Hice, Jody",Republican,House,0,5000,5000,2500,0,0,12500,138950.0,H0GA07125,H001071,0.0,0.035984166966534725,0.035984166966534725,0.017992083483267363,0.0,0.0
"Shelby, Richard C",Republican,Senate,0,4500,6500,0,0,0,11000,11000.0,S6AL00013,S000320,0.0,0.4090909090909091,0.5909090909090909,0.0,0.0,0.0
"Burr, Richard",Republican,Senate,0,3000,3000,0,0,1000,7000,7000.0,S4NC00089,B001135,0.0,0.42857142857142855,0.42857142857142855,0.0,0.0,0.14285714285714285
"Young, David",Republican,House,0,3000,7500,11500,0,2000,24000,669336.28,S4IA00103,Y000066,0.0,0.004482051981404623,0.011205129953511559,0.017181199262051056,0.0,0.002988034654269749
"Becerra, Xavier",Democrat,House,0,2500,2500,0,0,7500,12500,1172696.86,H2CA30143,B000287,0.0,0.0021318382314079016,0.0021318382314079016,0.0,0.0,0.006395514694223705
"Johnson, Sam",Republican,House,0,2000,2000,11850,0,6000,21850,545482.44,H2TX03118,J000174,0.0,0.0036664791629222753,0.0036664791629222753,0.02172388904031448,0.0,0.010999437488766826
"Mullin, Markwayne",Republican,House,0,2000,6500,69500,0,5000,83000,555555.83,H2OK02083,M001190,0.0,0.003599998221600879,0.011699994220202856,0.12509993820063053,0.0,0.008999995554002197
"McCain, John",Republican,Senate,0,1000,1000,0,0,1500,3500,3500.0,S6AZ00019,M000303,0.0,0.2857142857142857,0.2857142857142857,0.0,0.0,0.42857142857142855
"Hurt, Robert",Republican,House,0,1000,3000,14500,0,5000,23500,689008.45,H0VA05095,H001060,0.0,0.0014513610101588741,0.004354083030476622,0.021044734647303675,0.0,0.00725680505079437
"Pocan, Mark",Democrat,House,0,4000,6500,0,0,5500,16000,551805.59,H2WI02124,P000607,0.0,0.007248929826897912,0.011779510968709108,0.0,0.0,0.00996727851198463
"Grothman, Glenn S",Republican,House,0,1000,5000,5000,0,2000,13000,284951.63,H4WI06048,G000576,0.0,0.003509367537220264,0.01754683768610132,0.01754683768610132,0.0,0.007018735074440528
"Klobuchar, Amy",Democrat,Senate,0,7000,7000,0,0,0,14000,14000.0,S6MN00267,K000367,0.0,0.5,0.5,0.0,0.0,0.0
"Hatch, Orrin G",Republican,Senate,0,6000,6000,0,0,0,12000,12000.0,S6UT00063,H000338,0.0,0.5,0.5,0.0,0.0,0.0
"Neugebauer, Randy",Republican,House,0,4000,7000,34500,0,4000,49500,1017030.48,H4TX19102,N000182,0.0,0.003933018801953704,0.006882782903418982,0.033922287166850695,0.0,0.003933018801953704
"Emmer, Tom",Republican,House,0,2000,2000,5000,0,0,9000,278500.0,H4MN06087,E000294,0.0,0.00718132854578097,0.00718132854578097,0.017953321364452424,0.0,0.0
"McCollum, Betty",Democrat,House,0,2000,2000,0,0,5500,9500,477475.0,H0MN04049,M001143,0.0,0.004188700979108854,0.004188700979108854,0.0,0.0,0.011518927692549348
"Ellison, Keith",Democrat,House,0,2000,2000,0,0,0,4000,350094.25,H6MN05183,E000288,0.0,0.005712747353034219,0.005712747353034219,0.0,0.0,0.0
"Nolan, Rick",Democrat,House,0,1000,2000,0,0,3000,6000,952889.98,H2MN08111,N000127,0.0,0.0010494390968409596,0.0020988781936819192,0.0,0.0,0.0031483172905228786
"Walz, Tim",Democrat,House,0,1000,3000,0,0,0,4000,669262.5,H6MN01174,W000799,0.0,0.0014941820287256494,0.004482546086176949,0.0,0.0,0.0
"McNerney, Jerry",Democrat,House,0,1000,1000,0,0,0,2000,458181.12,H4CA11081,M001166,0.0,0.0021825430083195047,0.0021825430083195047,0.0,0.0,0.0
"Hunter, Duncan D",Republican,House,0,0,2500,7500,0,4000,14000,848324.72,H8CA52052,H001048,0.0,0.0,0.002946984734807681,0.008840954204423043,0.0,0.004715175575692289
"Farenthold, Blake",Republican,House,0,0,2500,34500,0,2000,39000,437214.29,H0TX27061,F000460,0.0,0.0,0.005718019875333901,0.07890867427960783,0.0,0.004574415900267121
"Westerman, Bruce",Republican,House,0,0,2000,5000,0,0,7000,259375.0,H4AR04048,W000821,0.0,0.0,0.0077108433734939755,0.01927710843373494,0.0,0.0
"Poliquin, Bruce",Republican,House,0,0,1000,10000,0,0,11000,11000.0,S2ME00158,P000611,0.0,0.0,0.09090909090909091,0.9090909090909091,0.0,0.0
"Williams, Roger",Republican,House,0,0,9999,51500,0,3000,64499,517151.07,H2TX33040,W000816,0.0,0.0,0.01933477581318743,0.0995840538432996,0.0,0.005801012845240754
"Johnson, Eddie Bernice",Democrat,House,0,0,7500,0,0,1000,8500,397320.9,H2TX00015,J000126,0.0,0.0,0.01887642960639624,0.0,0.0,0.002516857280852832
"Carter, John",Republican,House,0,0,7500,29000,0,1000,37500,508967.32,H2TX31044,C001051,0.0,0.0,0.014735720163722888,0.05697811796639517,0.0,0.001964762688496385
"Granger, Kay",Republican,House,0,0,2000,10500,0,8000,20500,531520.77,H6TX12060,G000377,0.0,0.0,0.003762788046833993,0.019754637245878462,0.0,0.015051152187335971
"O'Rourke, Beto",Democrat,House,0,0,2000,2500,0,0,4500,4500.0,S8TX00285,O000170,0.0,0.0,0.4444444444444444,0.5555555555555556,0.0,0.0
"Culberson, John",Republican,House,0,0,2000,45500,0,5000,52500,313814.42,H0TX07055,C001048,0.0,0.0,0.006373193430690661,0.14499015054821254,0.0,0.015932983576726654
"Vela, Filemon",Democrat,House,0,0,1000,12500,0,0,13500,415099.1,H2TX27190,V000132,0.0,0.0,0.002409063281515185,0.030113291018939815,0.0,0.0
"Ratcliffe, John",Republican,House,0,0,1000,8500,0,0,9500,155600.0,H4TX04153,R000601,0.0,0.0,0.006426735218508998,0.05462724935732648,0.0,0.0
"Yoder, Kevin",Republican,House,0,0,5000,19500,0,5000,29500,894537.09,H0KS03137,Y000063,0.0,0.0,0.005589483159384705,0.02179898432160035,0.0,0.005589483159384705
"Huelskamp, Tim",Republican,House,0,0,500,17500,0,0,18000,218550.0,H6KS01146,H001057,0.0,0.0,0.0022878059940517046,0.08007320979180965,0.0,0.0
"Hahn, Janice",Democrat,House,0,0,1000,0,0,0,1000,512032.45,H8CA36097,H001063,0.0,0.0,0.0019530012209187132,0.0,0.0,0.0
"Kelly, Robin",Democrat,House,0,0,1000,0,0,2500,3500,527548.64,H2IL02172,K000385,0.0,0.0,0.0018955598103712293,0.0,0.0,0.004738899525928073
"Larsen, Rick",Democrat,House,0,0,0,7000,0,9500,16500,797750.0,H0WA02080,L000560,0.0,0.0,0.0,0.008774678784080225,0.0,0.011908492635537449
"Swalwell, Eric",Democrat,House,0,0,0,6000,0,5000,11000,813217.12,H2CA15094,S001193,0.0,0.0,0.0,0.007378103402446815,0.0,0.006148419502039012
"Issa, Darrell",Republican,House,0,0,0,44500,0,1000,45500,719488.64,H0CA48024,I000056,0.0,0.0,0.0,0.061849482432412,0.0,0.0013898760097171235
"Stefanik, Elise",Republican,House,0,0,0,22500,0,2000,24500,557650.0,H4NY21079,S001196,0.0,0.0,0.0,0.0403478884605039,0.0,0.0035864789742670136
"Comstock, Barbara",Republican,House,0,0,0,33000,0,1000,34000,869083.05,H4VA10089,C001105,0.0,0.0,0.0,0.03797105466502885,0.0,0.0011506380201523894
"Cook, Paul",Republican,House,0,0,0,4000,1000,3000,8000,453094.0,H2CA08164,C001094,0.0,0.0,0.0,0.00882819017687279,0.0022070475442181976,0.006621142632654593
"Walters, Mimi",Republican,House,0,0,0,32500,0,1000,33500,592505.79,H4CA45097,W000820,0.0,0.0,0.0,0.05485178465513391,0.0,0.0016877472201579666
"LaMalfa, Doug",Republican,House,0,0,0,20000,0,0,20000,363308.21,H2CA02142,L000578,0.0,0.0,0.0,0.055049678068106414,0.0,0.0
"McClintock, Tom",Republican,House,0,0,0,35000,0,0,35000,175492.8,H8CA04152,M001177,0.0,0.0,0.0,0.1994383815176463,0.0,0.0
"Meeks, Gregory W",Democrat,House,0,0,0,6500,0,6000,12500,793300.0,H8NY06048,M001137,0.0,0.0,0.0,0.008193621580738686,0.0,0.007563342997604941
"Green, Al",Democrat,House,0,0,0,5500,0,0,5500,148550.0,H4TX09095,G000553,0.0,0.0,0.0,0.03702457085156513,0.0,0.0
"Bass, Karen",Democrat,House,0,0,0,4000,0,6000,10000,460250.0,H0CA33117,B001270,0.0,0.0,0.0,0.008690928843020097,0.0,0.013036393264530146
"Vargas, Juan",Democrat,House,0,0,0,2500,0,0,2500,586356.86,H2CA50026,V000130,0.0,0.0,0.0,0.004263615164321604,0.0,0.0
"Amodei, Mark",Republican,House,0,0,0,2000,1000,3000,6000,336550.0,H2NV02395,A000369,0.0,0.0,0.0,0.005942653394740751,0.0029713266973703757,0.008913980092111128
"Torres, Norma",Democrat,House,0,0,0,1000,0,0,1000,336000.0,H4CA35031,T000474,0.0,0.0,0.0,0.002976190476190476,0.0,0.0
"Sanford, Mark",Republican,House,0,0,0,9500,0,0,9500,204179.91,H4SC01073,S000051,0.0,0.0,0.0,0.04652759421825585,0.0,0.0
"Zeldin, Lee",Republican,House,0,0,0,15000,0,0,15000,322682.85,H8NY01148,Z000017,0.0,0.0,0.0,0.046485271838896926,0.0,0.0
"Newhouse, Dan",Republican,House,0,0,0,5000,0,0,5000,263600.0,H4WA04104,N000189,0.0,0.0,0.0,0.01896813353566009,0.0,0.0
"Collins, Chris",Republican,House,0,0,0,6000,0,3000,9000,431600.79,H8NY29032,C001092,0.0,0.0,0.0,0.013901735443996754,0.0,0.006950867721998377
"Gibson, Chris",Republican,House,0,0,0,8500,0,10000,18500,1479129.1,H0NY20095,G000564,0.0,0.0,0.0,0.0057466248213222226,0.0,0.006760735083908497
"Curbelo, Carlos",Republican,House,0,0,0,7500,0,1000,8500,431894.91,H4FL26038,C001107,0.0,0.0,0.0,0.01736533547014944,0.0,0.002315378062686592
"Reichert, Dave",Republican,House,0,0,0,7500,1000,8000,16500,713890.89,H4WA08071,R000578,0.0,0.0,0.0,0.010505807126912629,0.0014007742835883505,0.011206194268706804
"Franks, Trent",Republican,House,0,0,0,7500,0,2000,9500,206925.0,H4AZ04024,F000448,0.0,0.0,0.0,0.03624501631025734,0.0,0.00966533768273529
"Hill, French",Republican,House,0,0,0,8500,0,0,8500,444152.36,H4AR02141,H001072,0.0,0.0,0.0,0.019137577024244564,0.0,0.0
"Katko, John",Republican,House,0,0,0,5000,0,0,5000,169675.0,H4NY24073,K000386,0.0,0.0,0.0,0.02946810078090467,0.0,0.0
"Blum, Rod",Republican,House,0,0,0,5000,0,0,5000,212729.9,H2IA01055,B001294,0.0,0.0,0.0,0.0235039832200363,0.0,0.0
"Rohrabacher, Dana",Republican,House,0,0,0,2500,0,0,2500,29975.0,H8CA42061,R000409,0.0,0.0,0.0,0.08340283569641367,0.0,0.0
"Wilson, Frederica",Democrat,House,0,0,0,2500,0,0,2500,323500.0,H0FL17068,W000808,0.0,0.0,0.0,0.0077279752704791345,0.0,0.0
"Maloney, Sean Patrick",Democrat,House,0,0,0,1000,0,8000,9000,1292958.62,H2NY22139,M001185,0.0,0.0,0.0,0.0007734199567809833,0.0,0.006187359654247867
"Lowenthal, Alan",Democrat,House,0,0,0,2000,0,0,2000,453099.59,H2CA00104,L000579,0.0,0.0,0.0,0.004414040630670179,0.0,0.0
"Sires, Albio",Democrat,House,0,0,0,3000,0,0,3000,375175.0,H6NJ13191,S001165,0.0,0.0,0.0,0.007996268408076232,0.0,0.0
"Titus, Dina",Democrat,House,0,0,0,0,1000,0,1000,531014.22,H8NV03036,T000468,0.0,0.0,0.0,0.0,0.0018831887402186707,0.0
"Duckworth, Tammy",Democrat,House,0,0,0,0,1000,12500,13500,965438.64,H6IL06141,D000622,0.0,0.0,0.0,0.0,0.0010357986085992995,0.012947482607491243
"Deutch, Ted",Democrat,House,0,0,0,0,2000,0,2000,382850.0,H0FL19080,D000610,0.0,0.0,0.0,0.0,0.005223978059292151,0.0
"Smith, Adam",Democrat,House,0,0,0,0,0,10000,10000,710400.0,H6WA09025,S000510,0.0,0.0,0.0,0.0,0.0,0.014076576576576577
"Kilmer, Derek",Democrat,House,0,0,0,0,0,7500,7500,888225.4,H2WA06129,K000381,0.0,0.0,0.0,0.0,0.0,0.008443802665404525
"Bera, Ami",Democrat,House,0,0,0,0,0,12500,12500,1441271.53,H0CA03078,B001287,0.0,0.0,0.0,0.0,0.0,0.008672897326987372
"Garamendi, John",Democrat,House,0,0,0,0,0,12500,12500,758091.69,H0CA10149,G000559,0.0,0.0,0.0,0.0,0.0,0.016488770639340476
"Capps, Lois",Democrat,House,0,0,0,0,0,6000,6000,1007160.0,H8CA22089,C001036,0.0,0.0,0.0,0.0,0.0,0.005957345406886691
"Esty, Elizabeth",Democrat,House,0,0,0,0,0,5000,5000,1009712.0,H2CT05131,E000293,0.0,0.0,0.0,0.0,0.0,0.004951907078454054
"Maloney, Carolyn B",Democrat,House,0,0,0,0,0,5000,5000,689287.05,H2NY14037,M000087,0.0,0.0,0.0,0.0,0.0,0.0072538719536367315
"Rangel, Charles B",Democrat,House,0,0,0,0,0,4500,4500,469200.0,H6NY19029,R000053,0.0,0.0,0.0,0.0,0.0,0.00959079283887468
"Tsongas, Niki",Democrat,House,0,0,0,0,0,3500,3500,305275.0,H8MA05143,T000465,0.0,0.0,0.0,0.0,0.0,0.01146507247563672
"Langevin, Jim",Democrat,House,0,0,0,0,0,3000,3000,568160.0,H0RI02139,L000559,0.0,0.0,0.0,0.0,0.0,0.005280202759785976
"Isakson, Johnny",Republican,Senate,0,0,0,0,0,7000,7000,7000.0,S6GA00119,I000055,0.0,0.0,0.0,0.0,0.0,1.0
"Brown, Corrine",Democrat,House,0,0,0,0,0,5000,5000,5000.0,S0FL00403,B000911,0.0,0.0,0.0,0.0,0.0,1.0
"Slaughter, Louise M",Democrat,House,0,0,0,0,0,3000,3000,611775.0,H6NY03031,S000480,0.0,0.0,0.0,0.0,0.0,0.00490376363859262
"McDermott, Jim",Democrat,House,0,0,0,0,0,2500,2500,425550.0,H8WA07132,M000404,0.0,0.0,0.0,0.0,0.0,0.0058747503231112675
"Speier, Jackie",Democrat,House,0,0,0,0,0,2000,2000,428236.63,H8CA12171,S001175,0.0,0.0,0.0,0.0,0.0,0.004670315101256051
"Waters, Maxine",Democrat,House,0,0,0,0,0,2000,2000,563719.24,H4CA23011,W000187,0.0,0.0,0.0,0.0,0.0,0.0035478654232202543
"Lowey, Nita M",Democrat,House,0,0,0,0,0,6000,6000,498172.91,H8NY20056,L000480,0.0,0.0,0.0,0.0,0.0,0.012044010984057725
"Higgins, Brian M",Democrat,House,0,0,0,0,0,2000,2000,324733.92,H4NY27076,H001038,0.0,0.0,0.0,0.0,0.0,0.006158888483223435
"Cicilline, David",Democrat,House,0,0,0,0,0,2000,2000,361350.0,H0RI01073,C001084,0.0,0.0,0.0,0.0,0.0,0.005534800055348001
"Schiff, Adam",Democrat,House,0,0,0,0,0,2000,2000,441500.0,H0CA27085,S001150,0.0,0.0,0.0,0.0,0.0,0.004530011325028313
"Hanabusa, Colleen",Democrat,House,0,0,0,0,0,2000,2000,54500.0,H2HI02110,H001050,0.0,0.0,0.0,0.0,0.0,0.03669724770642202
"Capuano, Michael E",Democrat,House,0,0,0,0,0,2000,2000,553304.47,H8MA08071,C001037,0.0,0.0,0.0,0.0,0.0,0.0036146463808615177
"Bennet, Michael",Democrat,Senate,0,0,0,0,0,1000,1000,1000.0,S0CO00211,B001267,0.0,0.0,0.0,0.0,0.0,1.0
"Sherman, Brad",Democrat,House,0,0,0,0,0,1000,1000,641887.0,H6CA24113,S000344,0.0,0.0,0.0,0.0,0.0,0.0015579066097303731
"Leahy, Patrick",Democrat,Senate,0,0,0,0,0,1000,1000,1000.0,S4VT00017,L000174,0.0,0.0,0.0,0.0,0.0,1.0
"Quigley, Mike",Democrat,House,0,0,0,0,0,1000,1000,456525.0,H0IL05096,Q000023,0.0,0.0,0.0,0.0,0.0,0.002190460544329445
"Ruiz, Raul",Democrat,House,0,0,0,0,0,1000,1000,1136548.17,H2CA36439,R000599,0.0,0.0,0.0,0.0,0.0,0.0008798571203541686
"Nadler, Jerrold",Democrat,House,0,0,0,0,0,1000,1000,467875.17,H2NY17071,N000002,0.0,0.0,0.0,0.0,0.0,0.0021373222263536664
"Rice, Kathleen",Democrat,House,0,0,0,0,0,1000,1000,647635.68,H4NY04075,R000602,0.0,0.0,0.0,0.0,0.0,0.001544077991502877
"Norton, Eleanor Holmes",Democrat,,0,0,0,0,0,2400,2400,282400.0,H0DC00058,N000147,0.0,0.0,0.0,0.0,0.0,0.0084985835694051
"Engel, Eliot",Democrat,House,0,0,0,0,0,2000,2000,457175.0,H8NY19058,E000179,0.0,0.0,0.0,0.0,0.0,0.004374692404440313
"Napolitano, Grace",Democrat,House,0,0,0,0,0,1500,1500,264500.0,H8CA34068,N000179,0.0,0.0,0.0,0.0,0.0,0.005671077504725898
